epoch,step,train/cardinality_error,train/cardinality_error_0,train/cardinality_error_1,train/cardinality_error_enc,train/class_error,train/loss,train/loss_bbox,train/loss_bbox_0,train/loss_bbox_1,train/loss_bbox_enc,train/loss_ce,train/loss_ce_0,train/loss_ce_1,train/loss_ce_enc,train/loss_giou,train/loss_giou_0,train/loss_giou_1,train/loss_giou_enc,train/lr,train/lr_max,train/lr_min,val/AP/pothole,val/F1,val/cardinality_error,val/cardinality_error_0,val/cardinality_error_1,val/cardinality_error_enc,val/class_error,val/ema_mAP_50,val/ema_mAP_50_95,val/ema_mAR,val/loss,val/loss_bbox,val/loss_bbox_0,val/loss_bbox_1,val/loss_bbox_enc,val/loss_ce,val/loss_ce_0,val/loss_ce_1,val/loss_ce_enc,val/loss_giou,val/loss_giou_0,val/loss_giou_1,val/loss_giou_enc,val/mAP_50,val/mAP_50_95,val/mAP_75,val/mAR,val/precision,val/recall
0,49,,,,,,,,,,,,,,,,,,,9.999999747378752e-05,9.999999747378752e-05,4.04070533477352e-06,,,,,,,,,,,,,,,,,,,,,,,,,,,,,
0,99,,,,,,,,,,,,,,,,,,,9.999999747378752e-05,9.999999747378752e-05,4.04070533477352e-06,,,,,,,,,,,,,,,,,,,,,,,,,,,,,
0,149,,,,,,,,,,,,,,,,,,,9.999999747378752e-05,9.999999747378752e-05,4.04070533477352e-06,,,,,,,,,,,,,,,,,,,,,,,,,,,,,
0,199,,,,,,,,,,,,,,,,,,,9.999999747378752e-05,9.999999747378752e-05,4.04070533477352e-06,,,,,,,,,,,,,,,,,,,,,,,,,,,,,
0,249,,,,,,,,,,,,,,,,,,,9.999999747378752e-05,9.999999747378752e-05,4.04070533477352e-06,,,,,,,,,,,,,,,,,,,,,,,,,,,,,
0,299,,,,,,,,,,,,,,,,,,,9.999999747378752e-05,9.999999747378752e-05,4.04070533477352e-06,,,,,,,,,,,,,,,,,,,,,,,,,,,,,
0,349,,,,,,,,,,,,,,,,,,,9.999999747378752e-05,9.999999747378752e-05,4.04070533477352e-06,,,,,,,,,,,,,,,,,,,,,,,,,,,,,
0,399,,,,,,,,,,,,,,,,,,,9.999999747378752e-05,9.999999747378752e-05,4.04070533477352e-06,,,,,,,,,,,,,,,,,,,,,,,,,,,,,
0,449,,,,,,,,,,,,,,,,,,,9.999999747378752e-05,9.999999747378752e-05,4.04070533477352e-06,,,,,,,,,,,,,,,,,,,,,,,,,,,,,
0,499,,,,,,,,,,,,,,,,,,,9.999999747378752e-05,9.999999747378752e-05,4.04070533477352e-06,,,,,,,,,,,,,,,,,,,,,,,,,,,,,
0,549,,,,,,,,,,,,,,,,,,,9.999999747378752e-05,9.999999747378752e-05,4.04070533477352e-06,,,,,,,,,,,,,,,,,,,,,,,,,,,,,
0,599,,,,,,,,,,,,,,,,,,,9.999999747378752e-05,9.999999747378752e-05,4.04070533477352e-06,,,,,,,,,,,,,,,,,,,,,,,,,,,,,
0,649,,,,,,,,,,,,,,,,,,,9.999999747378752e-05,9.999999747378752e-05,4.04070533477352e-06,,,,,,,,,,,,,,,,,,,,,,,,,,,,,
0,699,,,,,,,,,,,,,,,,,,,9.999999747378752e-05,9.999999747378752e-05,4.04070533477352e-06,,,,,,,,,,,,,,,,,,,,,,,,,,,,,
0,749,,,,,,,,,,,,,,,,,,,9.999999747378752e-05,9.999999747378752e-05,4.04070533477352e-06,,,,,,,,,,,,,,,,,,,,,,,,,,,,,
0,799,,,,,,,,,,,,,,,,,,,9.999999747378752e-05,9.999999747378752e-05,4.04070533477352e-06,,,,,,,,,,,,,,,,,,,,,,,,,,,,,
0,849,,,,,,,,,,,,,,,,,,,9.999999747378752e-05,9.999999747378752e-05,4.04070533477352e-06,,,,,,,,,,,,,,,,,,,,,,,,,,,,,
0,899,,,,,,,,,,,,,,,,,,,9.999999747378752e-05,9.999999747378752e-05,4.04070533477352e-06,,,,,,,,,,,,,,,,,,,,,,,,,,,,,
0,949,,,,,,,,,,,,,,,,,,,9.999999747378752e-05,9.999999747378752e-05,4.04070533477352e-06,,,,,,,,,,,,,,,,,,,,,,,,,,,,,
0,999,,,,,,,,,,,,,,,,,,,9.999999747378752e-05,9.999999747378752e-05,4.04070533477352e-06,,,,,,,,,,,,,,,,,,,,,,,,,,,,,
0,1049,,,,,,,,,,,,,,,,,,,9.999999747378752e-05,9.999999747378752e-05,4.04070533477352e-06,,,,,,,,,,,,,,,,,,,,,,,,,,,,,
0,1099,,,,,,,,,,,,,,,,,,,9.999999747378752e-05,9.999999747378752e-05,4.04070533477352e-06,,,,,,,,,,,,,,,,,,,,,,,,,,,,,
0,1149,,,,,,,,,,,,,,,,,,,9.999999747378752e-05,9.999999747378752e-05,4.04070533477352e-06,,,,,,,,,,,,,,,,,,,,,,,,,,,,,
0,1199,,,,,,,,,,,,,,,,,,,9.999999747378752e-05,9.999999747378752e-05,4.04070533477352e-06,,,,,,,,,,,,,,,,,,,,,,,,,,,,,
0,1249,,,,,,,,,,,,,,,,,,,9.999999747378752e-05,9.999999747378752e-05,4.04070533477352e-06,,,,,,,,,,,,,,,,,,,,,,,,,,,,,
0,1299,,,,,,,,,,,,,,,,,,,9.999999747378752e-05,9.999999747378752e-05,4.04070533477352e-06,,,,,,,,,,,,,,,,,,,,,,,,,,,,,
0,1349,,,,,,,,,,,,,,,,,,,9.999999747378752e-05,9.999999747378752e-05,4.04070533477352e-06,,,,,,,,,,,,,,,,,,,,,,,,,,,,,
0,1399,,,,,,,,,,,,,,,,,,,9.999999747378752e-05,9.999999747378752e-05,4.04070533477352e-06,,,,,,,,,,,,,,,,,,,,,,,,,,,,,
0,1449,,,,,,,,,,,,,,,,,,,9.999999747378752e-05,9.999999747378752e-05,4.04070533477352e-06,,,,,,,,,,,,,,,,,,,,,,,,,,,,,
0,1499,,,,,,,,,,,,,,,,,,,9.999999747378752e-05,9.999999747378752e-05,4.04070533477352e-06,,,,,,,,,,,,,,,,,,,,,,,,,,,,,
0,1549,,,,,,,,,,,,,,,,,,,9.999999747378752e-05,9.999999747378752e-05,4.04070533477352e-06,,,,,,,,,,,,,,,,,,,,,,,,,,,,,
0,1599,,,,,,,,,,,,,,,,,,,9.999999747378752e-05,9.999999747378752e-05,4.04070533477352e-06,,,,,,,,,,,,,,,,,,,,,,,,,,,,,
0,1649,,,,,,,,,,,,,,,,,,,9.999999747378752e-05,9.999999747378752e-05,4.04070533477352e-06,,,,,,,,,,,,,,,,,,,,,,,,,,,,,
0,1699,,,,,,,,,,,,,,,,,,,9.999999747378752e-05,9.999999747378752e-05,4.04070533477352e-06,,,,,,,,,,,,,,,,,,,,,,,,,,,,,
0,1749,,,,,,,,,,,,,,,,,,,9.999999747378752e-05,9.999999747378752e-05,4.04070533477352e-06,,,,,,,,,,,,,,,,,,,,,,,,,,,,,
0,1799,,,,,,,,,,,,,,,,,,,9.999999747378752e-05,9.999999747378752e-05,4.04070533477352e-06,,,,,,,,,,,,,,,,,,,,,,,,,,,,,
0,1849,,,,,,,,,,,,,,,,,,,9.999999747378752e-05,9.999999747378752e-05,4.04070533477352e-06,,,,,,,,,,,,,,,,,,,,,,,,,,,,,
0,1899,,,,,,,,,,,,,,,,,,,9.999999747378752e-05,9.999999747378752e-05,4.04070533477352e-06,,,,,,,,,,,,,,,,,,,,,,,,,,,,,
0,1949,,,,,,,,,,,,,,,,,,,9.999999747378752e-05,9.999999747378752e-05,4.04070533477352e-06,,,,,,,,,,,,,,,,,,,,,,,,,,,,,
0,1956,,,,,,,,,,,,,,,,,,,,,,0.22003856301307678,0.5076876282691956,1.3930399417877197,1.4203343391418457,1.431252121925354,1.4936881065368652,-5.206000963653423e-09,0.49027377367019653,0.24105335772037506,0.45720407366752625,7.712395668029785,0.07047273218631744,0.07195449620485306,0.07063421607017517,0.07731083035469055,0.8052709102630615,0.8567312955856323,0.8218967318534851,0.8701722621917725,0.3572279214859009,0.3604094982147217,0.3549717366695404,0.38062652945518494,0.46069368720054626,0.22003856301307678,0.18568456172943115,0.42056775093078613,0.5907582640647888,0.4450990855693817
0,1956,5.140074253082275,4.3525166511535645,5.012774467468262,4.039090633392334,1.2970421314239502,8.497806549072266,0.07945811003446579,0.08052554726600647,0.0799977108836174,0.08771087974309921,0.8633028864860535,0.888437032699585,0.8663458228111267,0.8882772922515869,0.4117789566516876,0.41520267724990845,0.412835955619812,0.4366728365421295,,,,,,,,,,,,,,,,,,,,,,,,,,,,,,,,
1,1999,,,,,,,,,,,,,,,,,,,9.999999747378752e-05,9.999999747378752e-05,4.04070533477352e-06,,,,,,,,,,,,,,,,,,,,,,,,,,,,,
1,2049,,,,,,,,,,,,,,,,,,,9.999999747378752e-05,9.999999747378752e-05,4.04070533477352e-06,,,,,,,,,,,,,,,,,,,,,,,,,,,,,
1,2099,,,,,,,,,,,,,,,,,,,9.999999747378752e-05,9.999999747378752e-05,4.04070533477352e-06,,,,,,,,,,,,,,,,,,,,,,,,,,,,,
1,2149,,,,,,,,,,,,,,,,,,,9.999999747378752e-05,9.999999747378752e-05,4.04070533477352e-06,,,,,,,,,,,,,,,,,,,,,,,,,,,,,
1,2199,,,,,,,,,,,,,,,,,,,9.999999747378752e-05,9.999999747378752e-05,4.04070533477352e-06,,,,,,,,,,,,,,,,,,,,,,,,,,,,,
1,2249,,,,,,,,,,,,,,,,,,,9.999999747378752e-05,9.999999747378752e-05,4.04070533477352e-06,,,,,,,,,,,,,,,,,,,,,,,,,,,,,
1,2299,,,,,,,,,,,,,,,,,,,9.999999747378752e-05,9.999999747378752e-05,4.04070533477352e-06,,,,,,,,,,,,,,,,,,,,,,,,,,,,,
1,2349,,,,,,,,,,,,,,,,,,,9.999999747378752e-05,9.999999747378752e-05,4.04070533477352e-06,,,,,,,,,,,,,,,,,,,,,,,,,,,,,
1,2399,,,,,,,,,,,,,,,,,,,9.999999747378752e-05,9.999999747378752e-05,4.04070533477352e-06,,,,,,,,,,,,,,,,,,,,,,,,,,,,,
1,2449,,,,,,,,,,,,,,,,,,,9.999999747378752e-05,9.999999747378752e-05,4.04070533477352e-06,,,,,,,,,,,,,,,,,,,,,,,,,,,,,
1,2499,,,,,,,,,,,,,,,,,,,9.999999747378752e-05,9.999999747378752e-05,4.04070533477352e-06,,,,,,,,,,,,,,,,,,,,,,,,,,,,,
1,2549,,,,,,,,,,,,,,,,,,,9.999999747378752e-05,9.999999747378752e-05,4.04070533477352e-06,,,,,,,,,,,,,,,,,,,,,,,,,,,,,
1,2599,,,,,,,,,,,,,,,,,,,9.999999747378752e-05,9.999999747378752e-05,4.04070533477352e-06,,,,,,,,,,,,,,,,,,,,,,,,,,,,,
1,2649,,,,,,,,,,,,,,,,,,,9.999999747378752e-05,9.999999747378752e-05,4.04070533477352e-06,,,,,,,,,,,,,,,,,,,,,,,,,,,,,
1,2699,,,,,,,,,,,,,,,,,,,9.999999747378752e-05,9.999999747378752e-05,4.04070533477352e-06,,,,,,,,,,,,,,,,,,,,,,,,,,,,,
1,2749,,,,,,,,,,,,,,,,,,,9.999999747378752e-05,9.999999747378752e-05,4.04070533477352e-06,,,,,,,,,,,,,,,,,,,,,,,,,,,,,
1,2799,,,,,,,,,,,,,,,,,,,9.999999747378752e-05,9.999999747378752e-05,4.04070533477352e-06,,,,,,,,,,,,,,,,,,,,,,,,,,,,,
1,2849,,,,,,,,,,,,,,,,,,,9.999999747378752e-05,9.999999747378752e-05,4.04070533477352e-06,,,,,,,,,,,,,,,,,,,,,,,,,,,,,
1,2899,,,,,,,,,,,,,,,,,,,9.999999747378752e-05,9.999999747378752e-05,4.04070533477352e-06,,,,,,,,,,,,,,,,,,,,,,,,,,,,,
1,2949,,,,,,,,,,,,,,,,,,,9.999999747378752e-05,9.999999747378752e-05,4.04070533477352e-06,,,,,,,,,,,,,,,,,,,,,,,,,,,,,
1,2999,,,,,,,,,,,,,,,,,,,9.999999747378752e-05,9.999999747378752e-05,4.04070533477352e-06,,,,,,,,,,,,,,,,,,,,,,,,,,,,,
1,3049,,,,,,,,,,,,,,,,,,,9.999999747378752e-05,9.999999747378752e-05,4.04070533477352e-06,,,,,,,,,,,,,,,,,,,,,,,,,,,,,
1,3099,,,,,,,,,,,,,,,,,,,9.999999747378752e-05,9.999999747378752e-05,4.04070533477352e-06,,,,,,,,,,,,,,,,,,,,,,,,,,,,,
1,3149,,,,,,,,,,,,,,,,,,,9.999999747378752e-05,9.999999747378752e-05,4.04070533477352e-06,,,,,,,,,,,,,,,,,,,,,,,,,,,,,
1,3199,,,,,,,,,,,,,,,,,,,9.999999747378752e-05,9.999999747378752e-05,4.04070533477352e-06,,,,,,,,,,,,,,,,,,,,,,,,,,,,,
1,3249,,,,,,,,,,,,,,,,,,,9.999999747378752e-05,9.999999747378752e-05,4.04070533477352e-06,,,,,,,,,,,,,,,,,,,,,,,,,,,,,
1,3299,,,,,,,,,,,,,,,,,,,9.999999747378752e-05,9.999999747378752e-05,4.04070533477352e-06,,,,,,,,,,,,,,,,,,,,,,,,,,,,,
1,3349,,,,,,,,,,,,,,,,,,,9.999999747378752e-05,9.999999747378752e-05,4.04070533477352e-06,,,,,,,,,,,,,,,,,,,,,,,,,,,,,
1,3399,,,,,,,,,,,,,,,,,,,9.999999747378752e-05,9.999999747378752e-05,4.04070533477352e-06,,,,,,,,,,,,,,,,,,,,,,,,,,,,,
1,3449,,,,,,,,,,,,,,,,,,,9.999999747378752e-05,9.999999747378752e-05,4.04070533477352e-06,,,,,,,,,,,,,,,,,,,,,,,,,,,,,
1,3499,,,,,,,,,,,,,,,,,,,9.999999747378752e-05,9.999999747378752e-05,4.04070533477352e-06,,,,,,,,,,,,,,,,,,,,,,,,,,,,,
1,3549,,,,,,,,,,,,,,,,,,,9.999999747378752e-05,9.999999747378752e-05,4.04070533477352e-06,,,,,,,,,,,,,,,,,,,,,,,,,,,,,
1,3599,,,,,,,,,,,,,,,,,,,9.999999747378752e-05,9.999999747378752e-05,4.04070533477352e-06,,,,,,,,,,,,,,,,,,,,,,,,,,,,,
1,3649,,,,,,,,,,,,,,,,,,,9.999999747378752e-05,9.999999747378752e-05,4.04070533477352e-06,,,,,,,,,,,,,,,,,,,,,,,,,,,,,
1,3699,,,,,,,,,,,,,,,,,,,9.999999747378752e-05,9.999999747378752e-05,4.04070533477352e-06,,,,,,,,,,,,,,,,,,,,,,,,,,,,,
1,3749,,,,,,,,,,,,,,,,,,,9.999999747378752e-05,9.999999747378752e-05,4.04070533477352e-06,,,,,,,,,,,,,,,,,,,,,,,,,,,,,
1,3799,,,,,,,,,,,,,,,,,,,9.999999747378752e-05,9.999999747378752e-05,4.04070533477352e-06,,,,,,,,,,,,,,,,,,,,,,,,,,,,,
1,3849,,,,,,,,,,,,,,,,,,,9.999999747378752e-05,9.999999747378752e-05,4.04070533477352e-06,,,,,,,,,,,,,,,,,,,,,,,,,,,,,
1,3899,,,,,,,,,,,,,,,,,,,9.999999747378752e-05,9.999999747378752e-05,4.04070533477352e-06,,,,,,,,,,,,,,,,,,,,,,,,,,,,,
1,3913,,,,,,,,,,,,,,,,,,,,,,0.24092940986156464,0.5341551899909973,1.32753324508667,1.3534629344940186,1.317980170249939,1.4288638830184937,-5.206000963653423e-09,0.5227575302124023,0.2594490647315979,0.4674522280693054,7.453760147094727,0.06593833118677139,0.06624159216880798,0.06463005393743515,0.07305541634559631,0.7910812497138977,0.8330427408218384,0.8097013235092163,0.8577834367752075,0.34514111280441284,0.34698453545570374,0.34389424324035645,0.37038955092430115,0.49949926137924194,0.24092940986156464,0.20719335973262787,0.4355650842189789,0.6153666973114014,0.4718800187110901
1,3913,7.05876350402832,6.076073169708252,6.878448963165283,5.6877875328063965,0.10400521010160446,7.862570762634277,0.06880316138267517,0.06906833499670029,0.06921941041946411,0.07686931639909744,0.8266649842262268,0.860253632068634,0.8342639207839966,0.8722953200340271,0.3743308484554291,0.3753117322921753,0.3750382363796234,0.39996564388275146,,,,,,,,,,,,,,,,,,,,,,,,,,,,,,,,
2,3949,,,,,,,,,,,,,,,,,,,9.999999747378752e-05,9.999999747378752e-05,4.04070533477352e-06,,,,,,,,,,,,,,,,,,,,,,,,,,,,,
2,3999,,,,,,,,,,,,,,,,,,,9.999999747378752e-05,9.999999747378752e-05,4.04070533477352e-06,,,,,,,,,,,,,,,,,,,,,,,,,,,,,
2,4049,,,,,,,,,,,,,,,,,,,9.999999747378752e-05,9.999999747378752e-05,4.04070533477352e-06,,,,,,,,,,,,,,,,,,,,,,,,,,,,,
2,4099,,,,,,,,,,,,,,,,,,,9.999999747378752e-05,9.999999747378752e-05,4.04070533477352e-06,,,,,,,,,,,,,,,,,,,,,,,,,,,,,
2,4149,,,,,,,,,,,,,,,,,,,9.999999747378752e-05,9.999999747378752e-05,4.04070533477352e-06,,,,,,,,,,,,,,,,,,,,,,,,,,,,,
2,4199,,,,,,,,,,,,,,,,,,,9.999999747378752e-05,9.999999747378752e-05,4.04070533477352e-06,,,,,,,,,,,,,,,,,,,,,,,,,,,,,
2,4249,,,,,,,,,,,,,,,,,,,9.999999747378752e-05,9.999999747378752e-05,4.04070533477352e-06,,,,,,,,,,,,,,,,,,,,,,,,,,,,,
2,4299,,,,,,,,,,,,,,,,,,,9.999999747378752e-05,9.999999747378752e-05,4.04070533477352e-06,,,,,,,,,,,,,,,,,,,,,,,,,,,,,
2,4349,,,,,,,,,,,,,,,,,,,9.999999747378752e-05,9.999999747378752e-05,4.04070533477352e-06,,,,,,,,,,,,,,,,,,,,,,,,,,,,,
2,4399,,,,,,,,,,,,,,,,,,,9.999999747378752e-05,9.999999747378752e-05,4.04070533477352e-06,,,,,,,,,,,,,,,,,,,,,,,,,,,,,
2,4449,,,,,,,,,,,,,,,,,,,9.999999747378752e-05,9.999999747378752e-05,4.04070533477352e-06,,,,,,,,,,,,,,,,,,,,,,,,,,,,,
2,4499,,,,,,,,,,,,,,,,,,,9.999999747378752e-05,9.999999747378752e-05,4.04070533477352e-06,,,,,,,,,,,,,,,,,,,,,,,,,,,,,
2,4549,,,,,,,,,,,,,,,,,,,9.999999747378752e-05,9.999999747378752e-05,4.04070533477352e-06,,,,,,,,,,,,,,,,,,,,,,,,,,,,,
2,4599,,,,,,,,,,,,,,,,,,,9.999999747378752e-05,9.999999747378752e-05,4.04070533477352e-06,,,,,,,,,,,,,,,,,,,,,,,,,,,,,
2,4649,,,,,,,,,,,,,,,,,,,9.999999747378752e-05,9.999999747378752e-05,4.04070533477352e-06,,,,,,,,,,,,,,,,,,,,,,,,,,,,,
2,4699,,,,,,,,,,,,,,,,,,,9.999999747378752e-05,9.999999747378752e-05,4.04070533477352e-06,,,,,,,,,,,,,,,,,,,,,,,,,,,,,
2,4749,,,,,,,,,,,,,,,,,,,9.999999747378752e-05,9.999999747378752e-05,4.04070533477352e-06,,,,,,,,,,,,,,,,,,,,,,,,,,,,,
2,4799,,,,,,,,,,,,,,,,,,,9.999999747378752e-05,9.999999747378752e-05,4.04070533477352e-06,,,,,,,,,,,,,,,,,,,,,,,,,,,,,
2,4849,,,,,,,,,,,,,,,,,,,9.999999747378752e-05,9.999999747378752e-05,4.04070533477352e-06,,,,,,,,,,,,,,,,,,,,,,,,,,,,,
2,4899,,,,,,,,,,,,,,,,,,,9.999999747378752e-05,9.999999747378752e-05,4.04070533477352e-06,,,,,,,,,,,,,,,,,,,,,,,,,,,,,
2,4949,,,,,,,,,,,,,,,,,,,9.999999747378752e-05,9.999999747378752e-05,4.04070533477352e-06,,,,,,,,,,,,,,,,,,,,,,,,,,,,,
2,4999,,,,,,,,,,,,,,,,,,,9.999999747378752e-05,9.999999747378752e-05,4.04070533477352e-06,,,,,,,,,,,,,,,,,,,,,,,,,,,,,
2,5049,,,,,,,,,,,,,,,,,,,9.999999747378752e-05,9.999999747378752e-05,4.04070533477352e-06,,,,,,,,,,,,,,,,,,,,,,,,,,,,,
2,5099,,,,,,,,,,,,,,,,,,,9.999999747378752e-05,9.999999747378752e-05,4.04070533477352e-06,,,,,,,,,,,,,,,,,,,,,,,,,,,,,
2,5149,,,,,,,,,,,,,,,,,,,9.999999747378752e-05,9.999999747378752e-05,4.04070533477352e-06,,,,,,,,,,,,,,,,,,,,,,,,,,,,,
2,5199,,,,,,,,,,,,,,,,,,,9.999999747378752e-05,9.999999747378752e-05,4.04070533477352e-06,,,,,,,,,,,,,,,,,,,,,,,,,,,,,
2,5249,,,,,,,,,,,,,,,,,,,9.999999747378752e-05,9.999999747378752e-05,4.04070533477352e-06,,,,,,,,,,,,,,,,,,,,,,,,,,,,,
2,5299,,,,,,,,,,,,,,,,,,,9.999999747378752e-05,9.999999747378752e-05,4.04070533477352e-06,,,,,,,,,,,,,,,,,,,,,,,,,,,,,
2,5349,,,,,,,,,,,,,,,,,,,9.999999747378752e-05,9.999999747378752e-05,4.04070533477352e-06,,,,,,,,,,,,,,,,,,,,,,,,,,,,,
2,5399,,,,,,,,,,,,,,,,,,,9.999999747378752e-05,9.999999747378752e-05,4.04070533477352e-06,,,,,,,,,,,,,,,,,,,,,,,,,,,,,
2,5449,,,,,,,,,,,,,,,,,,,9.999999747378752e-05,9.999999747378752e-05,4.04070533477352e-06,,,,,,,,,,,,,,,,,,,,,,,,,,,,,
2,5499,,,,,,,,,,,,,,,,,,,9.999999747378752e-05,9.999999747378752e-05,4.04070533477352e-06,,,,,,,,,,,,,,,,,,,,,,,,,,,,,
2,5549,,,,,,,,,,,,,,,,,,,9.999999747378752e-05,9.999999747378752e-05,4.04070533477352e-06,,,,,,,,,,,,,,,,,,,,,,,,,,,,,
2,5599,,,,,,,,,,,,,,,,,,,9.999999747378752e-05,9.999999747378752e-05,4.04070533477352e-06,,,,,,,,,,,,,,,,,,,,,,,,,,,,,
2,5649,,,,,,,,,,,,,,,,,,,9.999999747378752e-05,9.999999747378752e-05,4.04070533477352e-06,,,,,,,,,,,,,,,,,,,,,,,,,,,,,
2,5699,,,,,,,,,,,,,,,,,,,9.999999747378752e-05,9.999999747378752e-05,4.04070533477352e-06,,,,,,,,,,,,,,,,,,,,,,,,,,,,,
2,5749,,,,,,,,,,,,,,,,,,,9.999999747378752e-05,9.999999747378752e-05,4.04070533477352e-06,,,,,,,,,,,,,,,,,,,,,,,,,,,,,
2,5799,,,,,,,,,,,,,,,,,,,9.999999747378752e-05,9.999999747378752e-05,4.04070533477352e-06,,,,,,,,,,,,,,,,,,,,,,,,,,,,,
2,5849,,,,,,,,,,,,,,,,,,,9.999999747378752e-05,9.999999747378752e-05,4.04070533477352e-06,,,,,,,,,,,,,,,,,,,,,,,,,,,,,
2,5870,,,,,,,,,,,,,,,,,,,,,,0.24643456935882568,0.5517096519470215,1.3862162828445435,1.4254521131515503,1.3759808540344238,1.5281473398208618,-5.206000963653423e-09,0.5459898710250854,0.27056509256362915,0.4713801145553589,7.466739654541016,0.06559951603412628,0.06663011014461517,0.06563802808523178,0.07254756987094879,0.8096415996551514,0.8342815637588501,0.8105503916740417,0.8618468046188354,0.3410974442958832,0.34563735127449036,0.34238970279693604,0.3700467646121979,0.5182898044586182,0.24643456935882568,0.20460748672485352,0.4413854777812958,0.6687007546424866,0.4695590138435364
2,5870,7.754854202270508,6.801290035247803,7.567386150360107,6.16824197769165,0.0400552898645401,7.703468322753906,0.06734216958284378,0.06782315671443939,0.06710208207368851,0.07647482305765152,0.8051471710205078,0.8363908529281616,0.814923107624054,0.8574538230895996,0.36698994040489197,0.3688681423664093,0.3668763041496277,0.3951810598373413,,,,,,,,,,,,,,,,,,,,,,,,,,,,,,,,
3,5899,,,,,,,,,,,,,,,,,,,9.999999747378752e-05,9.999999747378752e-05,4.04070533477352e-06,,,,,,,,,,,,,,,,,,,,,,,,,,,,,
3,5949,,,,,,,,,,,,,,,,,,,9.999999747378752e-05,9.999999747378752e-05,4.04070533477352e-06,,,,,,,,,,,,,,,,,,,,,,,,,,,,,
3,5999,,,,,,,,,,,,,,,,,,,9.999999747378752e-05,9.999999747378752e-05,4.04070533477352e-06,,,,,,,,,,,,,,,,,,,,,,,,,,,,,
3,6049,,,,,,,,,,,,,,,,,,,9.999999747378752e-05,9.999999747378752e-05,4.04070533477352e-06,,,,,,,,,,,,,,,,,,,,,,,,,,,,,
3,6099,,,,,,,,,,,,,,,,,,,9.999999747378752e-05,9.999999747378752e-05,4.04070533477352e-06,,,,,,,,,,,,,,,,,,,,,,,,,,,,,
3,6149,,,,,,,,,,,,,,,,,,,9.999999747378752e-05,9.999999747378752e-05,4.04070533477352e-06,,,,,,,,,,,,,,,,,,,,,,,,,,,,,
3,6199,,,,,,,,,,,,,,,,,,,9.999999747378752e-05,9.999999747378752e-05,4.04070533477352e-06,,,,,,,,,,,,,,,,,,,,,,,,,,,,,
3,6249,,,,,,,,,,,,,,,,,,,9.999999747378752e-05,9.999999747378752e-05,4.04070533477352e-06,,,,,,,,,,,,,,,,,,,,,,,,,,,,,
3,6299,,,,,,,,,,,,,,,,,,,9.999999747378752e-05,9.999999747378752e-05,4.04070533477352e-06,,,,,,,,,,,,,,,,,,,,,,,,,,,,,
3,6349,,,,,,,,,,,,,,,,,,,9.999999747378752e-05,9.999999747378752e-05,4.04070533477352e-06,,,,,,,,,,,,,,,,,,,,,,,,,,,,,
3,6399,,,,,,,,,,,,,,,,,,,9.999999747378752e-05,9.999999747378752e-05,4.04070533477352e-06,,,,,,,,,,,,,,,,,,,,,,,,,,,,,
3,6449,,,,,,,,,,,,,,,,,,,9.999999747378752e-05,9.999999747378752e-05,4.04070533477352e-06,,,,,,,,,,,,,,,,,,,,,,,,,,,,,
3,6499,,,,,,,,,,,,,,,,,,,9.999999747378752e-05,9.999999747378752e-05,4.04070533477352e-06,,,,,,,,,,,,,,,,,,,,,,,,,,,,,
3,6549,,,,,,,,,,,,,,,,,,,9.999999747378752e-05,9.999999747378752e-05,4.04070533477352e-06,,,,,,,,,,,,,,,,,,,,,,,,,,,,,
3,6599,,,,,,,,,,,,,,,,,,,9.999999747378752e-05,9.999999747378752e-05,4.04070533477352e-06,,,,,,,,,,,,,,,,,,,,,,,,,,,,,
3,6649,,,,,,,,,,,,,,,,,,,9.999999747378752e-05,9.999999747378752e-05,4.04070533477352e-06,,,,,,,,,,,,,,,,,,,,,,,,,,,,,
3,6699,,,,,,,,,,,,,,,,,,,9.999999747378752e-05,9.999999747378752e-05,4.04070533477352e-06,,,,,,,,,,,,,,,,,,,,,,,,,,,,,
3,6749,,,,,,,,,,,,,,,,,,,9.999999747378752e-05,9.999999747378752e-05,4.04070533477352e-06,,,,,,,,,,,,,,,,,,,,,,,,,,,,,
3,6799,,,,,,,,,,,,,,,,,,,9.999999747378752e-05,9.999999747378752e-05,4.04070533477352e-06,,,,,,,,,,,,,,,,,,,,,,,,,,,,,
3,6849,,,,,,,,,,,,,,,,,,,9.999999747378752e-05,9.999999747378752e-05,4.04070533477352e-06,,,,,,,,,,,,,,,,,,,,,,,,,,,,,
3,6899,,,,,,,,,,,,,,,,,,,9.999999747378752e-05,9.999999747378752e-05,4.04070533477352e-06,,,,,,,,,,,,,,,,,,,,,,,,,,,,,
3,6949,,,,,,,,,,,,,,,,,,,9.999999747378752e-05,9.999999747378752e-05,4.04070533477352e-06,,,,,,,,,,,,,,,,,,,,,,,,,,,,,
3,6999,,,,,,,,,,,,,,,,,,,9.999999747378752e-05,9.999999747378752e-05,4.04070533477352e-06,,,,,,,,,,,,,,,,,,,,,,,,,,,,,
3,7049,,,,,,,,,,,,,,,,,,,9.999999747378752e-05,9.999999747378752e-05,4.04070533477352e-06,,,,,,,,,,,,,,,,,,,,,,,,,,,,,
3,7099,,,,,,,,,,,,,,,,,,,9.999999747378752e-05,9.999999747378752e-05,4.04070533477352e-06,,,,,,,,,,,,,,,,,,,,,,,,,,,,,
3,7149,,,,,,,,,,,,,,,,,,,9.999999747378752e-05,9.999999747378752e-05,4.04070533477352e-06,,,,,,,,,,,,,,,,,,,,,,,,,,,,,
3,7199,,,,,,,,,,,,,,,,,,,9.999999747378752e-05,9.999999747378752e-05,4.04070533477352e-06,,,,,,,,,,,,,,,,,,,,,,,,,,,,,
3,7249,,,,,,,,,,,,,,,,,,,9.999999747378752e-05,9.999999747378752e-05,4.04070533477352e-06,,,,,,,,,,,,,,,,,,,,,,,,,,,,,
3,7299,,,,,,,,,,,,,,,,,,,9.999999747378752e-05,9.999999747378752e-05,4.04070533477352e-06,,,,,,,,,,,,,,,,,,,,,,,,,,,,,
3,7349,,,,,,,,,,,,,,,,,,,9.999999747378752e-05,9.999999747378752e-05,4.04070533477352e-06,,,,,,,,,,,,,,,,,,,,,,,,,,,,,
3,7399,,,,,,,,,,,,,,,,,,,9.999999747378752e-05,9.999999747378752e-05,4.04070533477352e-06,,,,,,,,,,,,,,,,,,,,,,,,,,,,,
3,7449,,,,,,,,,,,,,,,,,,,9.999999747378752e-05,9.999999747378752e-05,4.04070533477352e-06,,,,,,,,,,,,,,,,,,,,,,,,,,,,,
3,7499,,,,,,,,,,,,,,,,,,,9.999999747378752e-05,9.999999747378752e-05,4.04070533477352e-06,,,,,,,,,,,,,,,,,,,,,,,,,,,,,
3,7549,,,,,,,,,,,,,,,,,,,9.999999747378752e-05,9.999999747378752e-05,4.04070533477352e-06,,,,,,,,,,,,,,,,,,,,,,,,,,,,,
3,7599,,,,,,,,,,,,,,,,,,,9.999999747378752e-05,9.999999747378752e-05,4.04070533477352e-06,,,,,,,,,,,,,,,,,,,,,,,,,,,,,
3,7649,,,,,,,,,,,,,,,,,,,9.999999747378752e-05,9.999999747378752e-05,4.04070533477352e-06,,,,,,,,,,,,,,,,,,,,,,,,,,,,,
3,7699,,,,,,,,,,,,,,,,,,,9.999999747378752e-05,9.999999747378752e-05,4.04070533477352e-06,,,,,,,,,,,,,,,,,,,,,,,,,,,,,
3,7749,,,,,,,,,,,,,,,,,,,9.999999747378752e-05,9.999999747378752e-05,4.04070533477352e-06,,,,,,,,,,,,,,,,,,,,,,,,,,,,,
3,7799,,,,,,,,,,,,,,,,,,,9.999999747378752e-05,9.999999747378752e-05,4.04070533477352e-06,,,,,,,,,,,,,,,,,,,,,,,,,,,,,
3,7827,,,,,,,,,,,,,,,,,,,,,,0.24554501473903656,0.5473086833953857,1.10576593875885,1.1992493867874146,1.0972363948822021,1.301262378692627,-5.206000963653423e-09,0.5626245141029358,0.2829533517360687,0.47223711013793945,7.527305603027344,0.06835269927978516,0.06676506996154785,0.06976917386054993,0.07936731725931168,0.7970255017280579,0.8340280055999756,0.8064537048339844,0.8376293182373047,0.348145455121994,0.34362250566482544,0.34859225153923035,0.3750903308391571,0.5173354148864746,0.24554501473903656,0.19956085085868835,0.42438849806785583,0.6655586957931519,0.4647384285926819
3,7827,8.362161636352539,7.353921890258789,8.281744956970215,6.652720928192139,0.07689346373081207,7.543572425842285,0.06526990234851837,0.06519174575805664,0.06528399139642715,0.0728117823600769,0.7932584881782532,0.8271068334579468,0.8010352253913879,0.854021430015564,0.3588372766971588,0.3599145710468292,0.359305202960968,0.3846227824687958,,,,,,,,,,,,,,,,,,,,,,,,,,,,,,,,
4,7849,,,,,,,,,,,,,,,,,,,9.999999747378752e-05,9.999999747378752e-05,4.04070533477352e-06,,,,,,,,,,,,,,,,,,,,,,,,,,,,,
4,7899,,,,,,,,,,,,,,,,,,,9.999999747378752e-05,9.999999747378752e-05,4.04070533477352e-06,,,,,,,,,,,,,,,,,,,,,,,,,,,,,
4,7949,,,,,,,,,,,,,,,,,,,9.999999747378752e-05,9.999999747378752e-05,4.04070533477352e-06,,,,,,,,,,,,,,,,,,,,,,,,,,,,,
4,7999,,,,,,,,,,,,,,,,,,,9.999999747378752e-05,9.999999747378752e-05,4.04070533477352e-06,,,,,,,,,,,,,,,,,,,,,,,,,,,,,
4,8049,,,,,,,,,,,,,,,,,,,9.999999747378752e-05,9.999999747378752e-05,4.04070533477352e-06,,,,,,,,,,,,,,,,,,,,,,,,,,,,,
4,8099,,,,,,,,,,,,,,,,,,,9.999999747378752e-05,9.999999747378752e-05,4.04070533477352e-06,,,,,,,,,,,,,,,,,,,,,,,,,,,,,
4,8149,,,,,,,,,,,,,,,,,,,9.999999747378752e-05,9.999999747378752e-05,4.04070533477352e-06,,,,,,,,,,,,,,,,,,,,,,,,,,,,,
4,8199,,,,,,,,,,,,,,,,,,,9.999999747378752e-05,9.999999747378752e-05,4.04070533477352e-06,,,,,,,,,,,,,,,,,,,,,,,,,,,,,
4,8249,,,,,,,,,,,,,,,,,,,9.999999747378752e-05,9.999999747378752e-05,4.04070533477352e-06,,,,,,,,,,,,,,,,,,,,,,,,,,,,,
4,8299,,,,,,,,,,,,,,,,,,,9.999999747378752e-05,9.999999747378752e-05,4.04070533477352e-06,,,,,,,,,,,,,,,,,,,,,,,,,,,,,
4,8349,,,,,,,,,,,,,,,,,,,9.999999747378752e-05,9.999999747378752e-05,4.04070533477352e-06,,,,,,,,,,,,,,,,,,,,,,,,,,,,,
4,8399,,,,,,,,,,,,,,,,,,,9.999999747378752e-05,9.999999747378752e-05,4.04070533477352e-06,,,,,,,,,,,,,,,,,,,,,,,,,,,,,
4,8449,,,,,,,,,,,,,,,,,,,9.999999747378752e-05,9.999999747378752e-05,4.04070533477352e-06,,,,,,,,,,,,,,,,,,,,,,,,,,,,,
4,8499,,,,,,,,,,,,,,,,,,,9.999999747378752e-05,9.999999747378752e-05,4.04070533477352e-06,,,,,,,,,,,,,,,,,,,,,,,,,,,,,
4,8549,,,,,,,,,,,,,,,,,,,9.999999747378752e-05,9.999999747378752e-05,4.04070533477352e-06,,,,,,,,,,,,,,,,,,,,,,,,,,,,,
4,8599,,,,,,,,,,,,,,,,,,,9.999999747378752e-05,9.999999747378752e-05,4.04070533477352e-06,,,,,,,,,,,,,,,,,,,,,,,,,,,,,
4,8649,,,,,,,,,,,,,,,,,,,9.999999747378752e-05,9.999999747378752e-05,4.04070533477352e-06,,,,,,,,,,,,,,,,,,,,,,,,,,,,,
4,8699,,,,,,,,,,,,,,,,,,,9.999999747378752e-05,9.999999747378752e-05,4.04070533477352e-06,,,,,,,,,,,,,,,,,,,,,,,,,,,,,
4,8749,,,,,,,,,,,,,,,,,,,9.999999747378752e-05,9.999999747378752e-05,4.04070533477352e-06,,,,,,,,,,,,,,,,,,,,,,,,,,,,,
4,8799,,,,,,,,,,,,,,,,,,,9.999999747378752e-05,9.999999747378752e-05,4.04070533477352e-06,,,,,,,,,,,,,,,,,,,,,,,,,,,,,
4,8849,,,,,,,,,,,,,,,,,,,9.999999747378752e-05,9.999999747378752e-05,4.04070533477352e-06,,,,,,,,,,,,,,,,,,,,,,,,,,,,,
4,8899,,,,,,,,,,,,,,,,,,,9.999999747378752e-05,9.999999747378752e-05,4.04070533477352e-06,,,,,,,,,,,,,,,,,,,,,,,,,,,,,
4,8949,,,,,,,,,,,,,,,,,,,9.999999747378752e-05,9.999999747378752e-05,4.04070533477352e-06,,,,,,,,,,,,,,,,,,,,,,,,,,,,,
4,8999,,,,,,,,,,,,,,,,,,,9.999999747378752e-05,9.999999747378752e-05,4.04070533477352e-06,,,,,,,,,,,,,,,,,,,,,,,,,,,,,
4,9049,,,,,,,,,,,,,,,,,,,9.999999747378752e-05,9.999999747378752e-05,4.04070533477352e-06,,,,,,,,,,,,,,,,,,,,,,,,,,,,,
4,9099,,,,,,,,,,,,,,,,,,,9.999999747378752e-05,9.999999747378752e-05,4.04070533477352e-06,,,,,,,,,,,,,,,,,,,,,,,,,,,,,
4,9149,,,,,,,,,,,,,,,,,,,9.999999747378752e-05,9.999999747378752e-05,4.04070533477352e-06,,,,,,,,,,,,,,,,,,,,,,,,,,,,,
4,9199,,,,,,,,,,,,,,,,,,,9.999999747378752e-05,9.999999747378752e-05,4.04070533477352e-06,,,,,,,,,,,,,,,,,,,,,,,,,,,,,
4,9249,,,,,,,,,,,,,,,,,,,9.999999747378752e-05,9.999999747378752e-05,4.04070533477352e-06,,,,,,,,,,,,,,,,,,,,,,,,,,,,,
4,9299,,,,,,,,,,,,,,,,,,,9.999999747378752e-05,9.999999747378752e-05,4.04070533477352e-06,,,,,,,,,,,,,,,,,,,,,,,,,,,,,
4,9349,,,,,,,,,,,,,,,,,,,9.999999747378752e-05,9.999999747378752e-05,4.04070533477352e-06,,,,,,,,,,,,,,,,,,,,,,,,,,,,,
4,9399,,,,,,,,,,,,,,,,,,,9.999999747378752e-05,9.999999747378752e-05,4.04070533477352e-06,,,,,,,,,,,,,,,,,,,,,,,,,,,,,
4,9449,,,,,,,,,,,,,,,,,,,9.999999747378752e-05,9.999999747378752e-05,4.04070533477352e-06,,,,,,,,,,,,,,,,,,,,,,,,,,,,,
4,9499,,,,,,,,,,,,,,,,,,,9.999999747378752e-05,9.999999747378752e-05,4.04070533477352e-06,,,,,,,,,,,,,,,,,,,,,,,,,,,,,
4,9549,,,,,,,,,,,,,,,,,,,9.999999747378752e-05,9.999999747378752e-05,4.04070533477352e-06,,,,,,,,,,,,,,,,,,,,,,,,,,,,,
4,9599,,,,,,,,,,,,,,,,,,,9.999999747378752e-05,9.999999747378752e-05,4.04070533477352e-06,,,,,,,,,,,,,,,,,,,,,,,,,,,,,
4,9649,,,,,,,,,,,,,,,,,,,9.999999747378752e-05,9.999999747378752e-05,4.04070533477352e-06,,,,,,,,,,,,,,,,,,,,,,,,,,,,,
4,9699,,,,,,,,,,,,,,,,,,,9.999999747378752e-05,9.999999747378752e-05,4.04070533477352e-06,,,,,,,,,,,,,,,,,,,,,,,,,,,,,
4,9749,,,,,,,,,,,,,,,,,,,9.999999747378752e-05,9.999999747378752e-05,4.04070533477352e-06,,,,,,,,,,,,,,,,,,,,,,,,,,,,,
4,9784,,,,,,,,,,,,,,,,,,,,,,0.2687123715877533,0.5814294815063477,1.0842715501785278,1.1620607376098633,1.088024616241455,1.2166496515274048,-5.206000963653423e-09,0.5774416327476501,0.2904166877269745,0.4793429672718048,7.1358256340026855,0.06165246292948723,0.06217578053474426,0.06243021413683891,0.06919624656438828,0.7665004134178162,0.7973397374153137,0.7714864611625671,0.8232147693634033,0.3288450837135315,0.33232933282852173,0.33175790309906006,0.35707399249076843,0.5519771575927734,0.2687123715877533,0.2271062433719635,0.4639528691768646,0.7038822770118713,0.49526870250701904
4,9784,8.742271423339844,7.848875999450684,8.656105995178223,7.398952484130859,0.10268854349851608,7.436861038208008,0.06402665376663208,0.06453453749418259,0.0645279809832573,0.07314164936542511,0.7828592658042908,0.8131066560745239,0.7895435690879822,0.8351172804832458,0.35338112711906433,0.3543226420879364,0.35431623458862305,0.3805307149887085,,,,,,,,,,,,,,,,,,,,,,,,,,,,,,,,
5,9799,,,,,,,,,,,,,,,,,,,9.999999747378752e-05,9.999999747378752e-05,4.04070533477352e-06,,,,,,,,,,,,,,,,,,,,,,,,,,,,,
5,9849,,,,,,,,,,,,,,,,,,,9.999999747378752e-05,9.999999747378752e-05,4.04070533477352e-06,,,,,,,,,,,,,,,,,,,,,,,,,,,,,
5,9899,,,,,,,,,,,,,,,,,,,9.999999747378752e-05,9.999999747378752e-05,4.04070533477352e-06,,,,,,,,,,,,,,,,,,,,,,,,,,,,,
5,9949,,,,,,,,,,,,,,,,,,,9.999999747378752e-05,9.999999747378752e-05,4.04070533477352e-06,,,,,,,,,,,,,,,,,,,,,,,,,,,,,
5,9999,,,,,,,,,,,,,,,,,,,9.999999747378752e-05,9.999999747378752e-05,4.04070533477352e-06,,,,,,,,,,,,,,,,,,,,,,,,,,,,,
5,10049,,,,,,,,,,,,,,,,,,,9.999999747378752e-05,9.999999747378752e-05,4.04070533477352e-06,,,,,,,,,,,,,,,,,,,,,,,,,,,,,
5,10099,,,,,,,,,,,,,,,,,,,9.999999747378752e-05,9.999999747378752e-05,4.04070533477352e-06,,,,,,,,,,,,,,,,,,,,,,,,,,,,,
5,10149,,,,,,,,,,,,,,,,,,,9.999999747378752e-05,9.999999747378752e-05,4.04070533477352e-06,,,,,,,,,,,,,,,,,,,,,,,,,,,,,
5,10199,,,,,,,,,,,,,,,,,,,9.999999747378752e-05,9.999999747378752e-05,4.04070533477352e-06,,,,,,,,,,,,,,,,,,,,,,,,,,,,,
5,10249,,,,,,,,,,,,,,,,,,,9.999999747378752e-05,9.999999747378752e-05,4.04070533477352e-06,,,,,,,,,,,,,,,,,,,,,,,,,,,,,
5,10299,,,,,,,,,,,,,,,,,,,9.999999747378752e-05,9.999999747378752e-05,4.04070533477352e-06,,,,,,,,,,,,,,,,,,,,,,,,,,,,,
5,10349,,,,,,,,,,,,,,,,,,,9.999999747378752e-05,9.999999747378752e-05,4.04070533477352e-06,,,,,,,,,,,,,,,,,,,,,,,,,,,,,
5,10399,,,,,,,,,,,,,,,,,,,9.999999747378752e-05,9.999999747378752e-05,4.04070533477352e-06,,,,,,,,,,,,,,,,,,,,,,,,,,,,,
5,10449,,,,,,,,,,,,,,,,,,,9.999999747378752e-05,9.999999747378752e-05,4.04070533477352e-06,,,,,,,,,,,,,,,,,,,,,,,,,,,,,
5,10499,,,,,,,,,,,,,,,,,,,9.999999747378752e-05,9.999999747378752e-05,4.04070533477352e-06,,,,,,,,,,,,,,,,,,,,,,,,,,,,,
5,10549,,,,,,,,,,,,,,,,,,,9.999999747378752e-05,9.999999747378752e-05,4.04070533477352e-06,,,,,,,,,,,,,,,,,,,,,,,,,,,,,
5,10599,,,,,,,,,,,,,,,,,,,9.999999747378752e-05,9.999999747378752e-05,4.04070533477352e-06,,,,,,,,,,,,,,,,,,,,,,,,,,,,,
5,10649,,,,,,,,,,,,,,,,,,,9.999999747378752e-05,9.999999747378752e-05,4.04070533477352e-06,,,,,,,,,,,,,,,,,,,,,,,,,,,,,
5,10699,,,,,,,,,,,,,,,,,,,9.999999747378752e-05,9.999999747378752e-05,4.04070533477352e-06,,,,,,,,,,,,,,,,,,,,,,,,,,,,,
5,10749,,,,,,,,,,,,,,,,,,,9.999999747378752e-05,9.999999747378752e-05,4.04070533477352e-06,,,,,,,,,,,,,,,,,,,,,,,,,,,,,
5,10799,,,,,,,,,,,,,,,,,,,9.999999747378752e-05,9.999999747378752e-05,4.04070533477352e-06,,,,,,,,,,,,,,,,,,,,,,,,,,,,,
5,10849,,,,,,,,,,,,,,,,,,,9.999999747378752e-05,9.999999747378752e-05,4.04070533477352e-06,,,,,,,,,,,,,,,,,,,,,,,,,,,,,
5,10899,,,,,,,,,,,,,,,,,,,9.999999747378752e-05,9.999999747378752e-05,4.04070533477352e-06,,,,,,,,,,,,,,,,,,,,,,,,,,,,,
5,10949,,,,,,,,,,,,,,,,,,,9.999999747378752e-05,9.999999747378752e-05,4.04070533477352e-06,,,,,,,,,,,,,,,,,,,,,,,,,,,,,
5,10999,,,,,,,,,,,,,,,,,,,9.999999747378752e-05,9.999999747378752e-05,4.04070533477352e-06,,,,,,,,,,,,,,,,,,,,,,,,,,,,,
5,11049,,,,,,,,,,,,,,,,,,,9.999999747378752e-05,9.999999747378752e-05,4.04070533477352e-06,,,,,,,,,,,,,,,,,,,,,,,,,,,,,
5,11099,,,,,,,,,,,,,,,,,,,9.999999747378752e-05,9.999999747378752e-05,4.04070533477352e-06,,,,,,,,,,,,,,,,,,,,,,,,,,,,,
5,11149,,,,,,,,,,,,,,,,,,,9.999999747378752e-05,9.999999747378752e-05,4.04070533477352e-06,,,,,,,,,,,,,,,,,,,,,,,,,,,,,
5,11199,,,,,,,,,,,,,,,,,,,9.999999747378752e-05,9.999999747378752e-05,4.04070533477352e-06,,,,,,,,,,,,,,,,,,,,,,,,,,,,,
5,11249,,,,,,,,,,,,,,,,,,,9.999999747378752e-05,9.999999747378752e-05,4.04070533477352e-06,,,,,,,,,,,,,,,,,,,,,,,,,,,,,
5,11299,,,,,,,,,,,,,,,,,,,9.999999747378752e-05,9.999999747378752e-05,4.04070533477352e-06,,,,,,,,,,,,,,,,,,,,,,,,,,,,,
5,11349,,,,,,,,,,,,,,,,,,,9.999999747378752e-05,9.999999747378752e-05,4.04070533477352e-06,,,,,,,,,,,,,,,,,,,,,,,,,,,,,
5,11399,,,,,,,,,,,,,,,,,,,9.999999747378752e-05,9.999999747378752e-05,4.04070533477352e-06,,,,,,,,,,,,,,,,,,,,,,,,,,,,,
5,11449,,,,,,,,,,,,,,,,,,,9.999999747378752e-05,9.999999747378752e-05,4.04070533477352e-06,,,,,,,,,,,,,,,,,,,,,,,,,,,,,
5,11499,,,,,,,,,,,,,,,,,,,9.999999747378752e-05,9.999999747378752e-05,4.04070533477352e-06,,,,,,,,,,,,,,,,,,,,,,,,,,,,,
5,11549,,,,,,,,,,,,,,,,,,,9.999999747378752e-05,9.999999747378752e-05,4.04070533477352e-06,,,,,,,,,,,,,,,,,,,,,,,,,,,,,
5,11599,,,,,,,,,,,,,,,,,,,9.999999747378752e-05,9.999999747378752e-05,4.04070533477352e-06,,,,,,,,,,,,,,,,,,,,,,,,,,,,,
5,11649,,,,,,,,,,,,,,,,,,,9.999999747378752e-05,9.999999747378752e-05,4.04070533477352e-06,,,,,,,,,,,,,,,,,,,,,,,,,,,,,
5,11699,,,,,,,,,,,,,,,,,,,9.999999747378752e-05,9.999999747378752e-05,4.04070533477352e-06,,,,,,,,,,,,,,,,,,,,,,,,,,,,,
5,11741,,,,,,,,,,,,,,,,,,,,,,0.27300623059272766,0.5889825820922852,1.0999659299850464,1.1808257102966309,1.106789469718933,1.2197202444076538,-5.206000963653423e-09,0.582981288433075,0.29472339153289795,0.48075345158576965,7.149161338806152,0.0641823410987854,0.06280959397554398,0.06435275077819824,0.07104924321174622,0.7576624155044556,0.7906142473220825,0.7611923813819885,0.8261731863021851,0.3308892548084259,0.32926005125045776,0.3324851989746094,0.3581390678882599,0.5593673586845398,0.27300623059272766,0.2322608381509781,0.456168532371521,0.7066466808319092,0.5049098134040833
5,11741,9.31348991394043,8.371167182922363,9.263413429260254,7.900102138519287,0.05330940708518028,7.316527366638184,0.06207126006484032,0.06279852241277695,0.06271316856145859,0.0716833546757698,0.7750289440155029,0.804126501083374,0.7796934247016907,0.8288325667381287,0.346152663230896,0.3478976786136627,0.3476969599723816,0.3745041489601135,,,,,,,,,,,,,,,,,,,,,,,,,,,,,,,,
6,11749,,,,,,,,,,,,,,,,,,,9.999999747378752e-05,9.999999747378752e-05,4.04070533477352e-06,,,,,,,,,,,,,,,,,,,,,,,,,,,,,
6,11799,,,,,,,,,,,,,,,,,,,9.999999747378752e-05,9.999999747378752e-05,4.04070533477352e-06,,,,,,,,,,,,,,,,,,,,,,,,,,,,,
6,11849,,,,,,,,,,,,,,,,,,,9.999999747378752e-05,9.999999747378752e-05,4.04070533477352e-06,,,,,,,,,,,,,,,,,,,,,,,,,,,,,
6,11899,,,,,,,,,,,,,,,,,,,9.999999747378752e-05,9.999999747378752e-05,4.04070533477352e-06,,,,,,,,,,,,,,,,,,,,,,,,,,,,,
6,11949,,,,,,,,,,,,,,,,,,,9.999999747378752e-05,9.999999747378752e-05,4.04070533477352e-06,,,,,,,,,,,,,,,,,,,,,,,,,,,,,
6,11999,,,,,,,,,,,,,,,,,,,9.999999747378752e-05,9.999999747378752e-05,4.04070533477352e-06,,,,,,,,,,,,,,,,,,,,,,,,,,,,,
6,12049,,,,,,,,,,,,,,,,,,,9.999999747378752e-05,9.999999747378752e-05,4.04070533477352e-06,,,,,,,,,,,,,,,,,,,,,,,,,,,,,
6,12099,,,,,,,,,,,,,,,,,,,9.999999747378752e-05,9.999999747378752e-05,4.04070533477352e-06,,,,,,,,,,,,,,,,,,,,,,,,,,,,,
6,12149,,,,,,,,,,,,,,,,,,,9.999999747378752e-05,9.999999747378752e-05,4.04070533477352e-06,,,,,,,,,,,,,,,,,,,,,,,,,,,,,
6,12199,,,,,,,,,,,,,,,,,,,9.999999747378752e-05,9.999999747378752e-05,4.04070533477352e-06,,,,,,,,,,,,,,,,,,,,,,,,,,,,,
6,12249,,,,,,,,,,,,,,,,,,,9.999999747378752e-05,9.999999747378752e-05,4.04070533477352e-06,,,,,,,,,,,,,,,,,,,,,,,,,,,,,
6,12299,,,,,,,,,,,,,,,,,,,9.999999747378752e-05,9.999999747378752e-05,4.04070533477352e-06,,,,,,,,,,,,,,,,,,,,,,,,,,,,,
6,12349,,,,,,,,,,,,,,,,,,,9.999999747378752e-05,9.999999747378752e-05,4.04070533477352e-06,,,,,,,,,,,,,,,,,,,,,,,,,,,,,
6,12399,,,,,,,,,,,,,,,,,,,9.999999747378752e-05,9.999999747378752e-05,4.04070533477352e-06,,,,,,,,,,,,,,,,,,,,,,,,,,,,,
6,12449,,,,,,,,,,,,,,,,,,,9.999999747378752e-05,9.999999747378752e-05,4.04070533477352e-06,,,,,,,,,,,,,,,,,,,,,,,,,,,,,
6,12499,,,,,,,,,,,,,,,,,,,9.999999747378752e-05,9.999999747378752e-05,4.04070533477352e-06,,,,,,,,,,,,,,,,,,,,,,,,,,,,,
6,12549,,,,,,,,,,,,,,,,,,,9.999999747378752e-05,9.999999747378752e-05,4.04070533477352e-06,,,,,,,,,,,,,,,,,,,,,,,,,,,,,
6,12599,,,,,,,,,,,,,,,,,,,9.999999747378752e-05,9.999999747378752e-05,4.04070533477352e-06,,,,,,,,,,,,,,,,,,,,,,,,,,,,,
6,12649,,,,,,,,,,,,,,,,,,,9.999999747378752e-05,9.999999747378752e-05,4.04070533477352e-06,,,,,,,,,,,,,,,,,,,,,,,,,,,,,
6,12699,,,,,,,,,,,,,,,,,,,9.999999747378752e-05,9.999999747378752e-05,4.04070533477352e-06,,,,,,,,,,,,,,,,,,,,,,,,,,,,,
6,12749,,,,,,,,,,,,,,,,,,,9.999999747378752e-05,9.999999747378752e-05,4.04070533477352e-06,,,,,,,,,,,,,,,,,,,,,,,,,,,,,
6,12799,,,,,,,,,,,,,,,,,,,9.999999747378752e-05,9.999999747378752e-05,4.04070533477352e-06,,,,,,,,,,,,,,,,,,,,,,,,,,,,,
6,12849,,,,,,,,,,,,,,,,,,,9.999999747378752e-05,9.999999747378752e-05,4.04070533477352e-06,,,,,,,,,,,,,,,,,,,,,,,,,,,,,
6,12899,,,,,,,,,,,,,,,,,,,9.999999747378752e-05,9.999999747378752e-05,4.04070533477352e-06,,,,,,,,,,,,,,,,,,,,,,,,,,,,,
6,12949,,,,,,,,,,,,,,,,,,,9.999999747378752e-05,9.999999747378752e-05,4.04070533477352e-06,,,,,,,,,,,,,,,,,,,,,,,,,,,,,
6,12999,,,,,,,,,,,,,,,,,,,9.999999747378752e-05,9.999999747378752e-05,4.04070533477352e-06,,,,,,,,,,,,,,,,,,,,,,,,,,,,,
6,13049,,,,,,,,,,,,,,,,,,,9.999999747378752e-05,9.999999747378752e-05,4.04070533477352e-06,,,,,,,,,,,,,,,,,,,,,,,,,,,,,
6,13099,,,,,,,,,,,,,,,,,,,9.999999747378752e-05,9.999999747378752e-05,4.04070533477352e-06,,,,,,,,,,,,,,,,,,,,,,,,,,,,,
6,13149,,,,,,,,,,,,,,,,,,,9.999999747378752e-05,9.999999747378752e-05,4.04070533477352e-06,,,,,,,,,,,,,,,,,,,,,,,,,,,,,
6,13199,,,,,,,,,,,,,,,,,,,9.999999747378752e-05,9.999999747378752e-05,4.04070533477352e-06,,,,,,,,,,,,,,,,,,,,,,,,,,,,,
6,13249,,,,,,,,,,,,,,,,,,,9.999999747378752e-05,9.999999747378752e-05,4.04070533477352e-06,,,,,,,,,,,,,,,,,,,,,,,,,,,,,
6,13299,,,,,,,,,,,,,,,,,,,9.999999747378752e-05,9.999999747378752e-05,4.04070533477352e-06,,,,,,,,,,,,,,,,,,,,,,,,,,,,,
6,13349,,,,,,,,,,,,,,,,,,,9.999999747378752e-05,9.999999747378752e-05,4.04070533477352e-06,,,,,,,,,,,,,,,,,,,,,,,,,,,,,
6,13399,,,,,,,,,,,,,,,,,,,9.999999747378752e-05,9.999999747378752e-05,4.04070533477352e-06,,,,,,,,,,,,,,,,,,,,,,,,,,,,,
6,13449,,,,,,,,,,,,,,,,,,,9.999999747378752e-05,9.999999747378752e-05,4.04070533477352e-06,,,,,,,,,,,,,,,,,,,,,,,,,,,,,
6,13499,,,,,,,,,,,,,,,,,,,9.999999747378752e-05,9.999999747378752e-05,4.04070533477352e-06,,,,,,,,,,,,,,,,,,,,,,,,,,,,,
6,13549,,,,,,,,,,,,,,,,,,,9.999999747378752e-05,9.999999747378752e-05,4.04070533477352e-06,,,,,,,,,,,,,,,,,,,,,,,,,,,,,
6,13599,,,,,,,,,,,,,,,,,,,9.999999747378752e-05,9.999999747378752e-05,4.04070533477352e-06,,,,,,,,,,,,,,,,,,,,,,,,,,,,,
6,13649,,,,,,,,,,,,,,,,,,,9.999999747378752e-05,9.999999747378752e-05,4.04070533477352e-06,,,,,,,,,,,,,,,,,,,,,,,,,,,,,
6,13698,,,,,,,,,,,,,,,,,,,,,,0.290160596370697,0.6015600562095642,1.1276015043258667,1.172296166419983,1.1207778453826904,1.2480381727218628,-5.206000963653423e-09,0.5938875675201416,0.30448728799819946,0.4928584098815918,6.949743747711182,0.057363852858543396,0.05879520997405052,0.05813518911600113,0.06734991818666458,0.7698493599891663,0.7951306700706482,0.7728647589683533,0.8237105011940002,0.3148178458213806,0.3176230490207672,0.3155791759490967,0.341964453458786,0.578697681427002,0.290160596370697,0.2607741057872772,0.48380646109580994,0.7204782962799072,0.5163363814353943
6,13698,9.714869499206543,8.747509002685547,9.59836483001709,8.218894004821777,0.0510985292494297,7.186662197113037,0.05973231792449951,0.06054083630442619,0.06018807366490364,0.06943994015455246,0.769548237323761,0.8002306222915649,0.77598637342453,0.8272061944007874,0.33788615465164185,0.33975088596343994,0.33886122703552246,0.3655961751937866,,,,,,,,,,,,,,,,,,,,,,,,,,,,,,,,
7,13699,,,,,,,,,,,,,,,,,,,9.999999747378752e-05,9.999999747378752e-05,4.04070533477352e-06,,,,,,,,,,,,,,,,,,,,,,,,,,,,,
7,13749,,,,,,,,,,,,,,,,,,,9.999999747378752e-05,9.999999747378752e-05,4.04070533477352e-06,,,,,,,,,,,,,,,,,,,,,,,,,,,,,
7,13799,,,,,,,,,,,,,,,,,,,9.999999747378752e-05,9.999999747378752e-05,4.04070533477352e-06,,,,,,,,,,,,,,,,,,,,,,,,,,,,,
7,13849,,,,,,,,,,,,,,,,,,,9.999999747378752e-05,9.999999747378752e-05,4.04070533477352e-06,,,,,,,,,,,,,,,,,,,,,,,,,,,,,
7,13899,,,,,,,,,,,,,,,,,,,9.999999747378752e-05,9.999999747378752e-05,4.04070533477352e-06,,,,,,,,,,,,,,,,,,,,,,,,,,,,,
7,13949,,,,,,,,,,,,,,,,,,,9.999999747378752e-05,9.999999747378752e-05,4.04070533477352e-06,,,,,,,,,,,,,,,,,,,,,,,,,,,,,
7,13999,,,,,,,,,,,,,,,,,,,9.999999747378752e-05,9.999999747378752e-05,4.04070533477352e-06,,,,,,,,,,,,,,,,,,,,,,,,,,,,,
7,14049,,,,,,,,,,,,,,,,,,,9.999999747378752e-05,9.999999747378752e-05,4.04070533477352e-06,,,,,,,,,,,,,,,,,,,,,,,,,,,,,
7,14099,,,,,,,,,,,,,,,,,,,9.999999747378752e-05,9.999999747378752e-05,4.04070533477352e-06,,,,,,,,,,,,,,,,,,,,,,,,,,,,,
7,14149,,,,,,,,,,,,,,,,,,,9.999999747378752e-05,9.999999747378752e-05,4.04070533477352e-06,,,,,,,,,,,,,,,,,,,,,,,,,,,,,
7,14199,,,,,,,,,,,,,,,,,,,9.999999747378752e-05,9.999999747378752e-05,4.04070533477352e-06,,,,,,,,,,,,,,,,,,,,,,,,,,,,,
7,14249,,,,,,,,,,,,,,,,,,,9.999999747378752e-05,9.999999747378752e-05,4.04070533477352e-06,,,,,,,,,,,,,,,,,,,,,,,,,,,,,
7,14299,,,,,,,,,,,,,,,,,,,9.999999747378752e-05,9.999999747378752e-05,4.04070533477352e-06,,,,,,,,,,,,,,,,,,,,,,,,,,,,,
7,14349,,,,,,,,,,,,,,,,,,,9.999999747378752e-05,9.999999747378752e-05,4.04070533477352e-06,,,,,,,,,,,,,,,,,,,,,,,,,,,,,
7,14399,,,,,,,,,,,,,,,,,,,9.999999747378752e-05,9.999999747378752e-05,4.04070533477352e-06,,,,,,,,,,,,,,,,,,,,,,,,,,,,,
7,14449,,,,,,,,,,,,,,,,,,,9.999999747378752e-05,9.999999747378752e-05,4.04070533477352e-06,,,,,,,,,,,,,,,,,,,,,,,,,,,,,
7,14499,,,,,,,,,,,,,,,,,,,9.999999747378752e-05,9.999999747378752e-05,4.04070533477352e-06,,,,,,,,,,,,,,,,,,,,,,,,,,,,,
7,14549,,,,,,,,,,,,,,,,,,,9.999999747378752e-05,9.999999747378752e-05,4.04070533477352e-06,,,,,,,,,,,,,,,,,,,,,,,,,,,,,
7,14599,,,,,,,,,,,,,,,,,,,9.999999747378752e-05,9.999999747378752e-05,4.04070533477352e-06,,,,,,,,,,,,,,,,,,,,,,,,,,,,,
7,14649,,,,,,,,,,,,,,,,,,,9.999999747378752e-05,9.999999747378752e-05,4.04070533477352e-06,,,,,,,,,,,,,,,,,,,,,,,,,,,,,
7,14699,,,,,,,,,,,,,,,,,,,9.999999747378752e-05,9.999999747378752e-05,4.04070533477352e-06,,,,,,,,,,,,,,,,,,,,,,,,,,,,,
7,14749,,,,,,,,,,,,,,,,,,,9.999999747378752e-05,9.999999747378752e-05,4.04070533477352e-06,,,,,,,,,,,,,,,,,,,,,,,,,,,,,
7,14799,,,,,,,,,,,,,,,,,,,9.999999747378752e-05,9.999999747378752e-05,4.04070533477352e-06,,,,,,,,,,,,,,,,,,,,,,,,,,,,,
7,14849,,,,,,,,,,,,,,,,,,,9.999999747378752e-05,9.999999747378752e-05,4.04070533477352e-06,,,,,,,,,,,,,,,,,,,,,,,,,,,,,
7,14899,,,,,,,,,,,,,,,,,,,9.999999747378752e-05,9.999999747378752e-05,4.04070533477352e-06,,,,,,,,,,,,,,,,,,,,,,,,,,,,,
7,14949,,,,,,,,,,,,,,,,,,,9.999999747378752e-05,9.999999747378752e-05,4.04070533477352e-06,,,,,,,,,,,,,,,,,,,,,,,,,,,,,
7,14999,,,,,,,,,,,,,,,,,,,9.999999747378752e-05,9.999999747378752e-05,4.04070533477352e-06,,,,,,,,,,,,,,,,,,,,,,,,,,,,,
7,15049,,,,,,,,,,,,,,,,,,,9.999999747378752e-05,9.999999747378752e-05,4.04070533477352e-06,,,,,,,,,,,,,,,,,,,,,,,,,,,,,
7,15099,,,,,,,,,,,,,,,,,,,9.999999747378752e-05,9.999999747378752e-05,4.04070533477352e-06,,,,,,,,,,,,,,,,,,,,,,,,,,,,,
7,15149,,,,,,,,,,,,,,,,,,,9.999999747378752e-05,9.999999747378752e-05,4.04070533477352e-06,,,,,,,,,,,,,,,,,,,,,,,,,,,,,
7,15199,,,,,,,,,,,,,,,,,,,9.999999747378752e-05,9.999999747378752e-05,4.04070533477352e-06,,,,,,,,,,,,,,,,,,,,,,,,,,,,,
7,15249,,,,,,,,,,,,,,,,,,,9.999999747378752e-05,9.999999747378752e-05,4.04070533477352e-06,,,,,,,,,,,,,,,,,,,,,,,,,,,,,
7,15299,,,,,,,,,,,,,,,,,,,9.999999747378752e-05,9.999999747378752e-05,4.04070533477352e-06,,,,,,,,,,,,,,,,,,,,,,,,,,,,,
7,15349,,,,,,,,,,,,,,,,,,,9.999999747378752e-05,9.999999747378752e-05,4.04070533477352e-06,,,,,,,,,,,,,,,,,,,,,,,,,,,,,
7,15399,,,,,,,,,,,,,,,,,,,9.999999747378752e-05,9.999999747378752e-05,4.04070533477352e-06,,,,,,,,,,,,,,,,,,,,,,,,,,,,,
7,15449,,,,,,,,,,,,,,,,,,,9.999999747378752e-05,9.999999747378752e-05,4.04070533477352e-06,,,,,,,,,,,,,,,,,,,,,,,,,,,,,
7,15499,,,,,,,,,,,,,,,,,,,9.999999747378752e-05,9.999999747378752e-05,4.04070533477352e-06,,,,,,,,,,,,,,,,,,,,,,,,,,,,,
7,15549,,,,,,,,,,,,,,,,,,,9.999999747378752e-05,9.999999747378752e-05,4.04070533477352e-06,,,,,,,,,,,,,,,,,,,,,,,,,,,,,
7,15599,,,,,,,,,,,,,,,,,,,9.999999747378752e-05,9.999999747378752e-05,4.04070533477352e-06,,,,,,,,,,,,,,,,,,,,,,,,,,,,,
7,15649,,,,,,,,,,,,,,,,,,,9.999999747378752e-05,9.999999747378752e-05,4.04070533477352e-06,,,,,,,,,,,,,,,,,,,,,,,,,,,,,
7,15655,,,,,,,,,,,,,,,,,,,,,,0.29030266404151917,0.606702983379364,1.1020129919052124,1.1477311849594116,1.1221426725387573,1.184919834136963,-5.206000963653423e-09,0.6047749519348145,0.30871209502220154,0.4950008988380432,6.962218761444092,0.05973277986049652,0.060602981597185135,0.060631170868873596,0.06984193623065948,0.7596799731254578,0.7855033278465271,0.7608523964881897,0.794245183467865,0.31904837489128113,0.3185935318470001,0.3205375373363495,0.34577006101608276,0.5786666870117188,0.29030266404151917,0.2553758919239044,0.47318336367607117,0.6980255246162415,0.5365113615989685
7,15655,9.967616081237793,9.06534194946289,9.864716529846191,8.576775550842285,0.08942252397537231,7.16989803314209,0.060013264417648315,0.061043571680784225,0.06036226451396942,0.06983400136232376,0.7656724452972412,0.7919471263885498,0.7714098691940308,0.8173895478248596,0.33849990367889404,0.33999016880989075,0.3390136659145355,0.3661002218723297,,,,,,,,,,,,,,,,,,,,,,,,,,,,,,,,
8,15699,,,,,,,,,,,,,,,,,,,9.999999747378752e-05,9.999999747378752e-05,4.04070533477352e-06,,,,,,,,,,,,,,,,,,,,,,,,,,,,,
8,15749,,,,,,,,,,,,,,,,,,,9.999999747378752e-05,9.999999747378752e-05,4.04070533477352e-06,,,,,,,,,,,,,,,,,,,,,,,,,,,,,
8,15799,,,,,,,,,,,,,,,,,,,9.999999747378752e-05,9.999999747378752e-05,4.04070533477352e-06,,,,,,,,,,,,,,,,,,,,,,,,,,,,,
8,15849,,,,,,,,,,,,,,,,,,,9.999999747378752e-05,9.999999747378752e-05,4.04070533477352e-06,,,,,,,,,,,,,,,,,,,,,,,,,,,,,
8,15899,,,,,,,,,,,,,,,,,,,9.999999747378752e-05,9.999999747378752e-05,4.04070533477352e-06,,,,,,,,,,,,,,,,,,,,,,,,,,,,,
8,15949,,,,,,,,,,,,,,,,,,,9.999999747378752e-05,9.999999747378752e-05,4.04070533477352e-06,,,,,,,,,,,,,,,,,,,,,,,,,,,,,
8,15999,,,,,,,,,,,,,,,,,,,9.999999747378752e-05,9.999999747378752e-05,4.04070533477352e-06,,,,,,,,,,,,,,,,,,,,,,,,,,,,,
8,16049,,,,,,,,,,,,,,,,,,,9.999999747378752e-05,9.999999747378752e-05,4.04070533477352e-06,,,,,,,,,,,,,,,,,,,,,,,,,,,,,
8,16099,,,,,,,,,,,,,,,,,,,9.999999747378752e-05,9.999999747378752e-05,4.04070533477352e-06,,,,,,,,,,,,,,,,,,,,,,,,,,,,,
8,16149,,,,,,,,,,,,,,,,,,,9.999999747378752e-05,9.999999747378752e-05,4.04070533477352e-06,,,,,,,,,,,,,,,,,,,,,,,,,,,,,
8,16199,,,,,,,,,,,,,,,,,,,9.999999747378752e-05,9.999999747378752e-05,4.04070533477352e-06,,,,,,,,,,,,,,,,,,,,,,,,,,,,,
8,16249,,,,,,,,,,,,,,,,,,,9.999999747378752e-05,9.999999747378752e-05,4.04070533477352e-06,,,,,,,,,,,,,,,,,,,,,,,,,,,,,
8,16299,,,,,,,,,,,,,,,,,,,9.999999747378752e-05,9.999999747378752e-05,4.04070533477352e-06,,,,,,,,,,,,,,,,,,,,,,,,,,,,,
8,16349,,,,,,,,,,,,,,,,,,,9.999999747378752e-05,9.999999747378752e-05,4.04070533477352e-06,,,,,,,,,,,,,,,,,,,,,,,,,,,,,
8,16399,,,,,,,,,,,,,,,,,,,9.999999747378752e-05,9.999999747378752e-05,4.04070533477352e-06,,,,,,,,,,,,,,,,,,,,,,,,,,,,,
8,16449,,,,,,,,,,,,,,,,,,,9.999999747378752e-05,9.999999747378752e-05,4.04070533477352e-06,,,,,,,,,,,,,,,,,,,,,,,,,,,,,
8,16499,,,,,,,,,,,,,,,,,,,9.999999747378752e-05,9.999999747378752e-05,4.04070533477352e-06,,,,,,,,,,,,,,,,,,,,,,,,,,,,,
8,16549,,,,,,,,,,,,,,,,,,,9.999999747378752e-05,9.999999747378752e-05,4.04070533477352e-06,,,,,,,,,,,,,,,,,,,,,,,,,,,,,
8,16599,,,,,,,,,,,,,,,,,,,9.999999747378752e-05,9.999999747378752e-05,4.04070533477352e-06,,,,,,,,,,,,,,,,,,,,,,,,,,,,,
8,16649,,,,,,,,,,,,,,,,,,,9.999999747378752e-05,9.999999747378752e-05,4.04070533477352e-06,,,,,,,,,,,,,,,,,,,,,,,,,,,,,
8,16699,,,,,,,,,,,,,,,,,,,9.999999747378752e-05,9.999999747378752e-05,4.04070533477352e-06,,,,,,,,,,,,,,,,,,,,,,,,,,,,,
8,16749,,,,,,,,,,,,,,,,,,,9.999999747378752e-05,9.999999747378752e-05,4.04070533477352e-06,,,,,,,,,,,,,,,,,,,,,,,,,,,,,
8,16799,,,,,,,,,,,,,,,,,,,9.999999747378752e-05,9.999999747378752e-05,4.04070533477352e-06,,,,,,,,,,,,,,,,,,,,,,,,,,,,,
8,16849,,,,,,,,,,,,,,,,,,,9.999999747378752e-05,9.999999747378752e-05,4.04070533477352e-06,,,,,,,,,,,,,,,,,,,,,,,,,,,,,
8,16899,,,,,,,,,,,,,,,,,,,9.999999747378752e-05,9.999999747378752e-05,4.04070533477352e-06,,,,,,,,,,,,,,,,,,,,,,,,,,,,,
8,16949,,,,,,,,,,,,,,,,,,,9.999999747378752e-05,9.999999747378752e-05,4.04070533477352e-06,,,,,,,,,,,,,,,,,,,,,,,,,,,,,
8,16999,,,,,,,,,,,,,,,,,,,9.999999747378752e-05,9.999999747378752e-05,4.04070533477352e-06,,,,,,,,,,,,,,,,,,,,,,,,,,,,,
8,17049,,,,,,,,,,,,,,,,,,,9.999999747378752e-05,9.999999747378752e-05,4.04070533477352e-06,,,,,,,,,,,,,,,,,,,,,,,,,,,,,
8,17099,,,,,,,,,,,,,,,,,,,9.999999747378752e-05,9.999999747378752e-05,4.04070533477352e-06,,,,,,,,,,,,,,,,,,,,,,,,,,,,,
8,17149,,,,,,,,,,,,,,,,,,,9.999999747378752e-05,9.999999747378752e-05,4.04070533477352e-06,,,,,,,,,,,,,,,,,,,,,,,,,,,,,
8,17199,,,,,,,,,,,,,,,,,,,9.999999747378752e-05,9.999999747378752e-05,4.04070533477352e-06,,,,,,,,,,,,,,,,,,,,,,,,,,,,,
8,17249,,,,,,,,,,,,,,,,,,,9.999999747378752e-05,9.999999747378752e-05,4.04070533477352e-06,,,,,,,,,,,,,,,,,,,,,,,,,,,,,
8,17299,,,,,,,,,,,,,,,,,,,9.999999747378752e-05,9.999999747378752e-05,4.04070533477352e-06,,,,,,,,,,,,,,,,,,,,,,,,,,,,,
8,17349,,,,,,,,,,,,,,,,,,,9.999999747378752e-05,9.999999747378752e-05,4.04070533477352e-06,,,,,,,,,,,,,,,,,,,,,,,,,,,,,
8,17399,,,,,,,,,,,,,,,,,,,9.999999747378752e-05,9.999999747378752e-05,4.04070533477352e-06,,,,,,,,,,,,,,,,,,,,,,,,,,,,,
8,17449,,,,,,,,,,,,,,,,,,,9.999999747378752e-05,9.999999747378752e-05,4.04070533477352e-06,,,,,,,,,,,,,,,,,,,,,,,,,,,,,
8,17499,,,,,,,,,,,,,,,,,,,9.999999747378752e-05,9.999999747378752e-05,4.04070533477352e-06,,,,,,,,,,,,,,,,,,,,,,,,,,,,,
8,17549,,,,,,,,,,,,,,,,,,,9.999999747378752e-05,9.999999747378752e-05,4.04070533477352e-06,,,,,,,,,,,,,,,,,,,,,,,,,,,,,
8,17599,,,,,,,,,,,,,,,,,,,9.999999747378752e-05,9.999999747378752e-05,4.04070533477352e-06,,,,,,,,,,,,,,,,,,,,,,,,,,,,,
8,17612,,,,,,,,,,,,,,,,,,,,,,0.29025784134864807,0.6089082360267639,1.0580006837844849,1.1467076539993286,1.0696008205413818,1.2378027439117432,-5.206000963653423e-09,0.617542028427124,0.3152732253074646,0.5056775808334351,6.9299774169921875,0.056311141699552536,0.056671518832445145,0.05764453113079071,0.06484910100698471,0.7697606682777405,0.8185771703720093,0.7761373519897461,0.8319294452667236,0.3119925856590271,0.3148210644721985,0.31420662999153137,0.3370753824710846,0.5878945589065552,0.29025784134864807,0.24935294687747955,0.49359044432640076,0.752496063709259,0.5113372802734375
8,17612,10.366185188293457,9.441044807434082,10.246167182922363,9.101622581481934,0.11497186869382858,7.07742166519165,0.05932151526212692,0.0602644719183445,0.05982827767729759,0.07050370424985886,0.7566579580307007,0.7858980298042297,0.7616604566574097,0.8072845935821533,0.3312557339668274,0.33280250430107117,0.33235040307044983,0.3617580533027649,,,,,,,,,,,,,,,,,,,,,,,,,,,,,,,,
9,17649,,,,,,,,,,,,,,,,,,,9.999999747378752e-05,9.999999747378752e-05,4.04070533477352e-06,,,,,,,,,,,,,,,,,,,,,,,,,,,,,
9,17699,,,,,,,,,,,,,,,,,,,9.999999747378752e-05,9.999999747378752e-05,4.04070533477352e-06,,,,,,,,,,,,,,,,,,,,,,,,,,,,,
9,17749,,,,,,,,,,,,,,,,,,,9.999999747378752e-05,9.999999747378752e-05,4.04070533477352e-06,,,,,,,,,,,,,,,,,,,,,,,,,,,,,
9,17799,,,,,,,,,,,,,,,,,,,9.999999747378752e-05,9.999999747378752e-05,4.04070533477352e-06,,,,,,,,,,,,,,,,,,,,,,,,,,,,,
9,17849,,,,,,,,,,,,,,,,,,,9.999999747378752e-05,9.999999747378752e-05,4.04070533477352e-06,,,,,,,,,,,,,,,,,,,,,,,,,,,,,
9,17899,,,,,,,,,,,,,,,,,,,9.999999747378752e-05,9.999999747378752e-05,4.04070533477352e-06,,,,,,,,,,,,,,,,,,,,,,,,,,,,,
9,17949,,,,,,,,,,,,,,,,,,,9.999999747378752e-05,9.999999747378752e-05,4.04070533477352e-06,,,,,,,,,,,,,,,,,,,,,,,,,,,,,
9,17999,,,,,,,,,,,,,,,,,,,9.999999747378752e-05,9.999999747378752e-05,4.04070533477352e-06,,,,,,,,,,,,,,,,,,,,,,,,,,,,,
9,18049,,,,,,,,,,,,,,,,,,,9.999999747378752e-05,9.999999747378752e-05,4.04070533477352e-06,,,,,,,,,,,,,,,,,,,,,,,,,,,,,
9,18099,,,,,,,,,,,,,,,,,,,9.999999747378752e-05,9.999999747378752e-05,4.04070533477352e-06,,,,,,,,,,,,,,,,,,,,,,,,,,,,,
9,18149,,,,,,,,,,,,,,,,,,,9.999999747378752e-05,9.999999747378752e-05,4.04070533477352e-06,,,,,,,,,,,,,,,,,,,,,,,,,,,,,
9,18199,,,,,,,,,,,,,,,,,,,9.999999747378752e-05,9.999999747378752e-05,4.04070533477352e-06,,,,,,,,,,,,,,,,,,,,,,,,,,,,,
9,18249,,,,,,,,,,,,,,,,,,,9.999999747378752e-05,9.999999747378752e-05,4.04070533477352e-06,,,,,,,,,,,,,,,,,,,,,,,,,,,,,
9,18299,,,,,,,,,,,,,,,,,,,9.999999747378752e-05,9.999999747378752e-05,4.04070533477352e-06,,,,,,,,,,,,,,,,,,,,,,,,,,,,,
9,18349,,,,,,,,,,,,,,,,,,,9.999999747378752e-05,9.999999747378752e-05,4.04070533477352e-06,,,,,,,,,,,,,,,,,,,,,,,,,,,,,
9,18399,,,,,,,,,,,,,,,,,,,9.999999747378752e-05,9.999999747378752e-05,4.04070533477352e-06,,,,,,,,,,,,,,,,,,,,,,,,,,,,,
9,18449,,,,,,,,,,,,,,,,,,,9.999999747378752e-05,9.999999747378752e-05,4.04070533477352e-06,,,,,,,,,,,,,,,,,,,,,,,,,,,,,
9,18499,,,,,,,,,,,,,,,,,,,9.999999747378752e-05,9.999999747378752e-05,4.04070533477352e-06,,,,,,,,,,,,,,,,,,,,,,,,,,,,,
9,18549,,,,,,,,,,,,,,,,,,,9.999999747378752e-05,9.999999747378752e-05,4.04070533477352e-06,,,,,,,,,,,,,,,,,,,,,,,,,,,,,
9,18599,,,,,,,,,,,,,,,,,,,9.999999747378752e-05,9.999999747378752e-05,4.04070533477352e-06,,,,,,,,,,,,,,,,,,,,,,,,,,,,,
9,18649,,,,,,,,,,,,,,,,,,,9.999999747378752e-05,9.999999747378752e-05,4.04070533477352e-06,,,,,,,,,,,,,,,,,,,,,,,,,,,,,
9,18699,,,,,,,,,,,,,,,,,,,9.999999747378752e-05,9.999999747378752e-05,4.04070533477352e-06,,,,,,,,,,,,,,,,,,,,,,,,,,,,,
9,18749,,,,,,,,,,,,,,,,,,,9.999999747378752e-05,9.999999747378752e-05,4.04070533477352e-06,,,,,,,,,,,,,,,,,,,,,,,,,,,,,
9,18799,,,,,,,,,,,,,,,,,,,9.999999747378752e-05,9.999999747378752e-05,4.04070533477352e-06,,,,,,,,,,,,,,,,,,,,,,,,,,,,,
9,18849,,,,,,,,,,,,,,,,,,,9.999999747378752e-05,9.999999747378752e-05,4.04070533477352e-06,,,,,,,,,,,,,,,,,,,,,,,,,,,,,
9,18899,,,,,,,,,,,,,,,,,,,9.999999747378752e-05,9.999999747378752e-05,4.04070533477352e-06,,,,,,,,,,,,,,,,,,,,,,,,,,,,,
9,18949,,,,,,,,,,,,,,,,,,,9.999999747378752e-05,9.999999747378752e-05,4.04070533477352e-06,,,,,,,,,,,,,,,,,,,,,,,,,,,,,
9,18999,,,,,,,,,,,,,,,,,,,9.999999747378752e-05,9.999999747378752e-05,4.04070533477352e-06,,,,,,,,,,,,,,,,,,,,,,,,,,,,,
9,19049,,,,,,,,,,,,,,,,,,,9.999999747378752e-05,9.999999747378752e-05,4.04070533477352e-06,,,,,,,,,,,,,,,,,,,,,,,,,,,,,
9,19099,,,,,,,,,,,,,,,,,,,9.999999747378752e-05,9.999999747378752e-05,4.04070533477352e-06,,,,,,,,,,,,,,,,,,,,,,,,,,,,,
9,19149,,,,,,,,,,,,,,,,,,,9.999999747378752e-05,9.999999747378752e-05,4.04070533477352e-06,,,,,,,,,,,,,,,,,,,,,,,,,,,,,
9,19199,,,,,,,,,,,,,,,,,,,9.999999747378752e-05,9.999999747378752e-05,4.04070533477352e-06,,,,,,,,,,,,,,,,,,,,,,,,,,,,,
9,19249,,,,,,,,,,,,,,,,,,,9.999999747378752e-05,9.999999747378752e-05,4.04070533477352e-06,,,,,,,,,,,,,,,,,,,,,,,,,,,,,
9,19299,,,,,,,,,,,,,,,,,,,9.999999747378752e-05,9.999999747378752e-05,4.04070533477352e-06,,,,,,,,,,,,,,,,,,,,,,,,,,,,,
9,19349,,,,,,,,,,,,,,,,,,,9.999999747378752e-05,9.999999747378752e-05,4.04070533477352e-06,,,,,,,,,,,,,,,,,,,,,,,,,,,,,
9,19399,,,,,,,,,,,,,,,,,,,9.999999747378752e-05,9.999999747378752e-05,4.04070533477352e-06,,,,,,,,,,,,,,,,,,,,,,,,,,,,,
9,19449,,,,,,,,,,,,,,,,,,,9.999999747378752e-05,9.999999747378752e-05,4.04070533477352e-06,,,,,,,,,,,,,,,,,,,,,,,,,,,,,
9,19499,,,,,,,,,,,,,,,,,,,9.999999747378752e-05,9.999999747378752e-05,4.04070533477352e-06,,,,,,,,,,,,,,,,,,,,,,,,,,,,,
9,19549,,,,,,,,,,,,,,,,,,,9.999999747378752e-05,9.999999747378752e-05,4.04070533477352e-06,,,,,,,,,,,,,,,,,,,,,,,,,,,,,
9,19569,,,,,,,,,,,,,,,,,,,,,,0.296714723110199,0.6169578433036804,0.9955646395683289,1.0351415872573853,1.007506012916565,1.1180484294891357,-5.206000963653423e-09,0.6236713528633118,0.3174918293952942,0.5060167908668518,6.914605617523193,0.05940813571214676,0.05981297045946121,0.05971463397145271,0.06738059222698212,0.7575868368148804,0.7757807970046997,0.757658064365387,0.7999579310417175,0.31682926416397095,0.31834185123443604,0.31828099489212036,0.3425653576850891,0.6002683043479919,0.296714723110199,0.25178417563438416,0.4871094524860382,0.7647213935852051,0.5170505046844482
9,19569,10.783916473388672,9.93925666809082,10.658150672912598,9.528742790222168,0.05109851807355881,6.982260227203369,0.05778913199901581,0.05893636494874954,0.05811701714992523,0.06842038035392761,0.7498164176940918,0.7741459608078003,0.7550633549690247,0.797639012336731,0.32768315076828003,0.33056652545928955,0.3285839557647705,0.35780829191207886,,,,,,,,,,,,,,,,,,,,,,,,,,,,,,,,
10,19599,,,,,,,,,,,,,,,,,,,9.999999747378752e-05,9.999999747378752e-05,4.04070533477352e-06,,,,,,,,,,,,,,,,,,,,,,,,,,,,,
10,19649,,,,,,,,,,,,,,,,,,,9.999999747378752e-05,9.999999747378752e-05,4.04070533477352e-06,,,,,,,,,,,,,,,,,,,,,,,,,,,,,
10,19699,,,,,,,,,,,,,,,,,,,9.999999747378752e-05,9.999999747378752e-05,4.04070533477352e-06,,,,,,,,,,,,,,,,,,,,,,,,,,,,,
10,19749,,,,,,,,,,,,,,,,,,,9.999999747378752e-05,9.999999747378752e-05,4.04070533477352e-06,,,,,,,,,,,,,,,,,,,,,,,,,,,,,
10,19799,,,,,,,,,,,,,,,,,,,9.999999747378752e-05,9.999999747378752e-05,4.04070533477352e-06,,,,,,,,,,,,,,,,,,,,,,,,,,,,,
10,19849,,,,,,,,,,,,,,,,,,,9.999999747378752e-05,9.999999747378752e-05,4.04070533477352e-06,,,,,,,,,,,,,,,,,,,,,,,,,,,,,
10,19899,,,,,,,,,,,,,,,,,,,9.999999747378752e-05,9.999999747378752e-05,4.04070533477352e-06,,,,,,,,,,,,,,,,,,,,,,,,,,,,,
10,19949,,,,,,,,,,,,,,,,,,,9.999999747378752e-05,9.999999747378752e-05,4.04070533477352e-06,,,,,,,,,,,,,,,,,,,,,,,,,,,,,
10,19999,,,,,,,,,,,,,,,,,,,9.999999747378752e-05,9.999999747378752e-05,4.04070533477352e-06,,,,,,,,,,,,,,,,,,,,,,,,,,,,,
10,20049,,,,,,,,,,,,,,,,,,,9.999999747378752e-05,9.999999747378752e-05,4.04070533477352e-06,,,,,,,,,,,,,,,,,,,,,,,,,,,,,
10,20099,,,,,,,,,,,,,,,,,,,9.999999747378752e-05,9.999999747378752e-05,4.04070533477352e-06,,,,,,,,,,,,,,,,,,,,,,,,,,,,,
10,20149,,,,,,,,,,,,,,,,,,,9.999999747378752e-05,9.999999747378752e-05,4.04070533477352e-06,,,,,,,,,,,,,,,,,,,,,,,,,,,,,
10,20199,,,,,,,,,,,,,,,,,,,9.999999747378752e-05,9.999999747378752e-05,4.04070533477352e-06,,,,,,,,,,,,,,,,,,,,,,,,,,,,,
10,20249,,,,,,,,,,,,,,,,,,,9.999999747378752e-05,9.999999747378752e-05,4.04070533477352e-06,,,,,,,,,,,,,,,,,,,,,,,,,,,,,
10,20299,,,,,,,,,,,,,,,,,,,9.999999747378752e-05,9.999999747378752e-05,4.04070533477352e-06,,,,,,,,,,,,,,,,,,,,,,,,,,,,,
10,20349,,,,,,,,,,,,,,,,,,,9.999999747378752e-05,9.999999747378752e-05,4.04070533477352e-06,,,,,,,,,,,,,,,,,,,,,,,,,,,,,
10,20399,,,,,,,,,,,,,,,,,,,9.999999747378752e-05,9.999999747378752e-05,4.04070533477352e-06,,,,,,,,,,,,,,,,,,,,,,,,,,,,,
10,20449,,,,,,,,,,,,,,,,,,,9.999999747378752e-05,9.999999747378752e-05,4.04070533477352e-06,,,,,,,,,,,,,,,,,,,,,,,,,,,,,
10,20499,,,,,,,,,,,,,,,,,,,9.999999747378752e-05,9.999999747378752e-05,4.04070533477352e-06,,,,,,,,,,,,,,,,,,,,,,,,,,,,,
10,20549,,,,,,,,,,,,,,,,,,,9.999999747378752e-05,9.999999747378752e-05,4.04070533477352e-06,,,,,,,,,,,,,,,,,,,,,,,,,,,,,
10,20599,,,,,,,,,,,,,,,,,,,9.999999747378752e-05,9.999999747378752e-05,4.04070533477352e-06,,,,,,,,,,,,,,,,,,,,,,,,,,,,,
10,20649,,,,,,,,,,,,,,,,,,,9.999999747378752e-05,9.999999747378752e-05,4.04070533477352e-06,,,,,,,,,,,,,,,,,,,,,,,,,,,,,
10,20699,,,,,,,,,,,,,,,,,,,9.999999747378752e-05,9.999999747378752e-05,4.04070533477352e-06,,,,,,,,,,,,,,,,,,,,,,,,,,,,,
10,20749,,,,,,,,,,,,,,,,,,,9.999999747378752e-05,9.999999747378752e-05,4.04070533477352e-06,,,,,,,,,,,,,,,,,,,,,,,,,,,,,
10,20799,,,,,,,,,,,,,,,,,,,9.999999747378752e-05,9.999999747378752e-05,4.04070533477352e-06,,,,,,,,,,,,,,,,,,,,,,,,,,,,,
10,20849,,,,,,,,,,,,,,,,,,,9.999999747378752e-05,9.999999747378752e-05,4.04070533477352e-06,,,,,,,,,,,,,,,,,,,,,,,,,,,,,
10,20899,,,,,,,,,,,,,,,,,,,9.999999747378752e-05,9.999999747378752e-05,4.04070533477352e-06,,,,,,,,,,,,,,,,,,,,,,,,,,,,,
10,20949,,,,,,,,,,,,,,,,,,,9.999999747378752e-05,9.999999747378752e-05,4.04070533477352e-06,,,,,,,,,,,,,,,,,,,,,,,,,,,,,
10,20999,,,,,,,,,,,,,,,,,,,9.999999747378752e-05,9.999999747378752e-05,4.04070533477352e-06,,,,,,,,,,,,,,,,,,,,,,,,,,,,,
10,21049,,,,,,,,,,,,,,,,,,,9.999999747378752e-05,9.999999747378752e-05,4.04070533477352e-06,,,,,,,,,,,,,,,,,,,,,,,,,,,,,
10,21099,,,,,,,,,,,,,,,,,,,9.999999747378752e-05,9.999999747378752e-05,4.04070533477352e-06,,,,,,,,,,,,,,,,,,,,,,,,,,,,,
10,21149,,,,,,,,,,,,,,,,,,,9.999999747378752e-05,9.999999747378752e-05,4.04070533477352e-06,,,,,,,,,,,,,,,,,,,,,,,,,,,,,
10,21199,,,,,,,,,,,,,,,,,,,9.999999747378752e-05,9.999999747378752e-05,4.04070533477352e-06,,,,,,,,,,,,,,,,,,,,,,,,,,,,,
10,21249,,,,,,,,,,,,,,,,,,,9.999999747378752e-05,9.999999747378752e-05,4.04070533477352e-06,,,,,,,,,,,,,,,,,,,,,,,,,,,,,
10,21299,,,,,,,,,,,,,,,,,,,9.999999747378752e-05,9.999999747378752e-05,4.04070533477352e-06,,,,,,,,,,,,,,,,,,,,,,,,,,,,,
10,21349,,,,,,,,,,,,,,,,,,,9.999999747378752e-05,9.999999747378752e-05,4.04070533477352e-06,,,,,,,,,,,,,,,,,,,,,,,,,,,,,
10,21399,,,,,,,,,,,,,,,,,,,9.999999747378752e-05,9.999999747378752e-05,4.04070533477352e-06,,,,,,,,,,,,,,,,,,,,,,,,,,,,,
10,21449,,,,,,,,,,,,,,,,,,,9.999999747378752e-05,9.999999747378752e-05,4.04070533477352e-06,,,,,,,,,,,,,,,,,,,,,,,,,,,,,
10,21499,,,,,,,,,,,,,,,,,,,9.999999747378752e-05,9.999999747378752e-05,4.04070533477352e-06,,,,,,,,,,,,,,,,,,,,,,,,,,,,,
10,21526,,,,,,,,,,,,,,,,,,,,,,0.3063375949859619,0.6286756992340088,0.9324462413787842,1.002047061920166,0.9430228471755981,1.0627771615982056,-5.206000963653423e-09,0.6278801560401917,0.32090288400650024,0.5054633021354675,6.799365043640137,0.058550503104925156,0.05819613113999367,0.05725059285759926,0.06506073474884033,0.7542790770530701,0.7724980711936951,0.7594098448753357,0.792557418346405,0.30906084179878235,0.3116585314273834,0.3087564706802368,0.33319011330604553,0.6033800840377808,0.3063375949859619,0.2685050368309021,0.49557220935821533,0.7275287508964539,0.5534725785255432
10,21526,10.960079193115234,10.00472640991211,10.849897384643555,9.689640045166016,0.10219718515872955,6.885751724243164,0.056479837745428085,0.05724566429853439,0.05667492747306824,0.06628047674894333,0.7439715266227722,0.7701537013053894,0.7499077916145325,0.7939832806587219,0.32278573513031006,0.3245905935764313,0.32353124022483826,0.3512621223926544,,,,,,,,,,,,,,,,,,,,,,,,,,,,,,,,
11,21549,,,,,,,,,,,,,,,,,,,9.999999747378752e-05,9.999999747378752e-05,4.04070533477352e-06,,,,,,,,,,,,,,,,,,,,,,,,,,,,,
11,21599,,,,,,,,,,,,,,,,,,,9.999999747378752e-05,9.999999747378752e-05,4.04070533477352e-06,,,,,,,,,,,,,,,,,,,,,,,,,,,,,
11,21649,,,,,,,,,,,,,,,,,,,9.999999747378752e-05,9.999999747378752e-05,4.04070533477352e-06,,,,,,,,,,,,,,,,,,,,,,,,,,,,,
11,21699,,,,,,,,,,,,,,,,,,,9.999999747378752e-05,9.999999747378752e-05,4.04070533477352e-06,,,,,,,,,,,,,,,,,,,,,,,,,,,,,
11,21749,,,,,,,,,,,,,,,,,,,9.999999747378752e-05,9.999999747378752e-05,4.04070533477352e-06,,,,,,,,,,,,,,,,,,,,,,,,,,,,,
11,21799,,,,,,,,,,,,,,,,,,,9.999999747378752e-05,9.999999747378752e-05,4.04070533477352e-06,,,,,,,,,,,,,,,,,,,,,,,,,,,,,
11,21849,,,,,,,,,,,,,,,,,,,9.999999747378752e-05,9.999999747378752e-05,4.04070533477352e-06,,,,,,,,,,,,,,,,,,,,,,,,,,,,,
11,21899,,,,,,,,,,,,,,,,,,,9.999999747378752e-05,9.999999747378752e-05,4.04070533477352e-06,,,,,,,,,,,,,,,,,,,,,,,,,,,,,
11,21949,,,,,,,,,,,,,,,,,,,9.999999747378752e-05,9.999999747378752e-05,4.04070533477352e-06,,,,,,,,,,,,,,,,,,,,,,,,,,,,,
11,21999,,,,,,,,,,,,,,,,,,,9.999999747378752e-05,9.999999747378752e-05,4.04070533477352e-06,,,,,,,,,,,,,,,,,,,,,,,,,,,,,
11,22049,,,,,,,,,,,,,,,,,,,9.999999747378752e-05,9.999999747378752e-05,4.04070533477352e-06,,,,,,,,,,,,,,,,,,,,,,,,,,,,,
11,22099,,,,,,,,,,,,,,,,,,,9.999999747378752e-05,9.999999747378752e-05,4.04070533477352e-06,,,,,,,,,,,,,,,,,,,,,,,,,,,,,
11,22149,,,,,,,,,,,,,,,,,,,9.999999747378752e-05,9.999999747378752e-05,4.04070533477352e-06,,,,,,,,,,,,,,,,,,,,,,,,,,,,,
11,22199,,,,,,,,,,,,,,,,,,,9.999999747378752e-05,9.999999747378752e-05,4.04070533477352e-06,,,,,,,,,,,,,,,,,,,,,,,,,,,,,
11,22249,,,,,,,,,,,,,,,,,,,9.999999747378752e-05,9.999999747378752e-05,4.04070533477352e-06,,,,,,,,,,,,,,,,,,,,,,,,,,,,,
11,22299,,,,,,,,,,,,,,,,,,,9.999999747378752e-05,9.999999747378752e-05,4.04070533477352e-06,,,,,,,,,,,,,,,,,,,,,,,,,,,,,
11,22349,,,,,,,,,,,,,,,,,,,9.999999747378752e-05,9.999999747378752e-05,4.04070533477352e-06,,,,,,,,,,,,,,,,,,,,,,,,,,,,,
11,22399,,,,,,,,,,,,,,,,,,,9.999999747378752e-05,9.999999747378752e-05,4.04070533477352e-06,,,,,,,,,,,,,,,,,,,,,,,,,,,,,
11,22449,,,,,,,,,,,,,,,,,,,9.999999747378752e-05,9.999999747378752e-05,4.04070533477352e-06,,,,,,,,,,,,,,,,,,,,,,,,,,,,,
11,22499,,,,,,,,,,,,,,,,,,,9.999999747378752e-05,9.999999747378752e-05,4.04070533477352e-06,,,,,,,,,,,,,,,,,,,,,,,,,,,,,
11,22549,,,,,,,,,,,,,,,,,,,9.999999747378752e-05,9.999999747378752e-05,4.04070533477352e-06,,,,,,,,,,,,,,,,,,,,,,,,,,,,,
11,22599,,,,,,,,,,,,,,,,,,,9.999999747378752e-05,9.999999747378752e-05,4.04070533477352e-06,,,,,,,,,,,,,,,,,,,,,,,,,,,,,
11,22649,,,,,,,,,,,,,,,,,,,9.999999747378752e-05,9.999999747378752e-05,4.04070533477352e-06,,,,,,,,,,,,,,,,,,,,,,,,,,,,,
11,22699,,,,,,,,,,,,,,,,,,,9.999999747378752e-05,9.999999747378752e-05,4.04070533477352e-06,,,,,,,,,,,,,,,,,,,,,,,,,,,,,
11,22749,,,,,,,,,,,,,,,,,,,9.999999747378752e-05,9.999999747378752e-05,4.04070533477352e-06,,,,,,,,,,,,,,,,,,,,,,,,,,,,,
11,22799,,,,,,,,,,,,,,,,,,,9.999999747378752e-05,9.999999747378752e-05,4.04070533477352e-06,,,,,,,,,,,,,,,,,,,,,,,,,,,,,
11,22849,,,,,,,,,,,,,,,,,,,9.999999747378752e-05,9.999999747378752e-05,4.04070533477352e-06,,,,,,,,,,,,,,,,,,,,,,,,,,,,,
11,22899,,,,,,,,,,,,,,,,,,,9.999999747378752e-05,9.999999747378752e-05,4.04070533477352e-06,,,,,,,,,,,,,,,,,,,,,,,,,,,,,
11,22949,,,,,,,,,,,,,,,,,,,9.999999747378752e-05,9.999999747378752e-05,4.04070533477352e-06,,,,,,,,,,,,,,,,,,,,,,,,,,,,,
11,22999,,,,,,,,,,,,,,,,,,,9.999999747378752e-05,9.999999747378752e-05,4.04070533477352e-06,,,,,,,,,,,,,,,,,,,,,,,,,,,,,
11,23049,,,,,,,,,,,,,,,,,,,9.999999747378752e-05,9.999999747378752e-05,4.04070533477352e-06,,,,,,,,,,,,,,,,,,,,,,,,,,,,,
11,23099,,,,,,,,,,,,,,,,,,,9.999999747378752e-05,9.999999747378752e-05,4.04070533477352e-06,,,,,,,,,,,,,,,,,,,,,,,,,,,,,
11,23149,,,,,,,,,,,,,,,,,,,9.999999747378752e-05,9.999999747378752e-05,4.04070533477352e-06,,,,,,,,,,,,,,,,,,,,,,,,,,,,,
11,23199,,,,,,,,,,,,,,,,,,,9.999999747378752e-05,9.999999747378752e-05,4.04070533477352e-06,,,,,,,,,,,,,,,,,,,,,,,,,,,,,
11,23249,,,,,,,,,,,,,,,,,,,9.999999747378752e-05,9.999999747378752e-05,4.04070533477352e-06,,,,,,,,,,,,,,,,,,,,,,,,,,,,,
11,23299,,,,,,,,,,,,,,,,,,,9.999999747378752e-05,9.999999747378752e-05,4.04070533477352e-06,,,,,,,,,,,,,,,,,,,,,,,,,,,,,
11,23349,,,,,,,,,,,,,,,,,,,9.999999747378752e-05,9.999999747378752e-05,4.04070533477352e-06,,,,,,,,,,,,,,,,,,,,,,,,,,,,,
11,23399,,,,,,,,,,,,,,,,,,,9.999999747378752e-05,9.999999747378752e-05,4.04070533477352e-06,,,,,,,,,,,,,,,,,,,,,,,,,,,,,
11,23449,,,,,,,,,,,,,,,,,,,9.999999747378752e-05,9.999999747378752e-05,4.04070533477352e-06,,,,,,,,,,,,,,,,,,,,,,,,,,,,,
11,23483,,,,,,,,,,,,,,,,,,,,,,0.2901168763637543,0.6219949126243591,0.9191402196884155,0.9614465832710266,0.9358580708503723,0.9901057481765747,-5.206000963653423e-09,0.6376521587371826,0.32613497972488403,0.49864310026168823,7.067237854003906,0.06482046842575073,0.06401479989290237,0.06305743008852005,0.07782386243343353,0.7484033703804016,0.7745247483253479,0.7519277930259705,0.7847417593002319,0.3237685263156891,0.32523709535598755,0.3221757411956787,0.35834717750549316,0.5991151332855225,0.2901168763637543,0.24399279057979584,0.4680592715740204,0.7283181548118591,0.5427601933479309
11,23483,11.207779884338379,10.401762962341309,11.14428997039795,10.133495330810547,0.07664778083562851,6.832974433898926,0.05645328760147095,0.05720457434654236,0.056574128568172455,0.06689707934856415,0.7354846596717834,0.7604758739471436,0.7407755255699158,0.7864183187484741,0.3205258548259735,0.32179486751556396,0.3210128843784332,0.34874793887138367,,,,,,,,,,,,,,,,,,,,,,,,,,,,,,,,
12,23499,,,,,,,,,,,,,,,,,,,9.999999747378752e-05,9.999999747378752e-05,4.04070533477352e-06,,,,,,,,,,,,,,,,,,,,,,,,,,,,,
12,23549,,,,,,,,,,,,,,,,,,,9.999999747378752e-05,9.999999747378752e-05,4.04070533477352e-06,,,,,,,,,,,,,,,,,,,,,,,,,,,,,
12,23599,,,,,,,,,,,,,,,,,,,9.999999747378752e-05,9.999999747378752e-05,4.04070533477352e-06,,,,,,,,,,,,,,,,,,,,,,,,,,,,,
12,23649,,,,,,,,,,,,,,,,,,,9.999999747378752e-05,9.999999747378752e-05,4.04070533477352e-06,,,,,,,,,,,,,,,,,,,,,,,,,,,,,
12,23699,,,,,,,,,,,,,,,,,,,9.999999747378752e-05,9.999999747378752e-05,4.04070533477352e-06,,,,,,,,,,,,,,,,,,,,,,,,,,,,,
12,23749,,,,,,,,,,,,,,,,,,,9.999999747378752e-05,9.999999747378752e-05,4.04070533477352e-06,,,,,,,,,,,,,,,,,,,,,,,,,,,,,
12,23799,,,,,,,,,,,,,,,,,,,9.999999747378752e-05,9.999999747378752e-05,4.04070533477352e-06,,,,,,,,,,,,,,,,,,,,,,,,,,,,,
12,23849,,,,,,,,,,,,,,,,,,,9.999999747378752e-05,9.999999747378752e-05,4.04070533477352e-06,,,,,,,,,,,,,,,,,,,,,,,,,,,,,
12,23899,,,,,,,,,,,,,,,,,,,9.999999747378752e-05,9.999999747378752e-05,4.04070533477352e-06,,,,,,,,,,,,,,,,,,,,,,,,,,,,,
12,23949,,,,,,,,,,,,,,,,,,,9.999999747378752e-05,9.999999747378752e-05,4.04070533477352e-06,,,,,,,,,,,,,,,,,,,,,,,,,,,,,
12,23999,,,,,,,,,,,,,,,,,,,9.999999747378752e-05,9.999999747378752e-05,4.04070533477352e-06,,,,,,,,,,,,,,,,,,,,,,,,,,,,,
12,24049,,,,,,,,,,,,,,,,,,,9.999999747378752e-05,9.999999747378752e-05,4.04070533477352e-06,,,,,,,,,,,,,,,,,,,,,,,,,,,,,
12,24099,,,,,,,,,,,,,,,,,,,9.999999747378752e-05,9.999999747378752e-05,4.04070533477352e-06,,,,,,,,,,,,,,,,,,,,,,,,,,,,,
12,24149,,,,,,,,,,,,,,,,,,,9.999999747378752e-05,9.999999747378752e-05,4.04070533477352e-06,,,,,,,,,,,,,,,,,,,,,,,,,,,,,
12,24199,,,,,,,,,,,,,,,,,,,9.999999747378752e-05,9.999999747378752e-05,4.04070533477352e-06,,,,,,,,,,,,,,,,,,,,,,,,,,,,,
12,24249,,,,,,,,,,,,,,,,,,,9.999999747378752e-05,9.999999747378752e-05,4.04070533477352e-06,,,,,,,,,,,,,,,,,,,,,,,,,,,,,
12,24299,,,,,,,,,,,,,,,,,,,9.999999747378752e-05,9.999999747378752e-05,4.04070533477352e-06,,,,,,,,,,,,,,,,,,,,,,,,,,,,,
12,24349,,,,,,,,,,,,,,,,,,,9.999999747378752e-05,9.999999747378752e-05,4.04070533477352e-06,,,,,,,,,,,,,,,,,,,,,,,,,,,,,
12,24399,,,,,,,,,,,,,,,,,,,9.999999747378752e-05,9.999999747378752e-05,4.04070533477352e-06,,,,,,,,,,,,,,,,,,,,,,,,,,,,,
12,24449,,,,,,,,,,,,,,,,,,,9.999999747378752e-05,9.999999747378752e-05,4.04070533477352e-06,,,,,,,,,,,,,,,,,,,,,,,,,,,,,
12,24499,,,,,,,,,,,,,,,,,,,9.999999747378752e-05,9.999999747378752e-05,4.04070533477352e-06,,,,,,,,,,,,,,,,,,,,,,,,,,,,,
12,24549,,,,,,,,,,,,,,,,,,,9.999999747378752e-05,9.999999747378752e-05,4.04070533477352e-06,,,,,,,,,,,,,,,,,,,,,,,,,,,,,
12,24599,,,,,,,,,,,,,,,,,,,9.999999747378752e-05,9.999999747378752e-05,4.04070533477352e-06,,,,,,,,,,,,,,,,,,,,,,,,,,,,,
12,24649,,,,,,,,,,,,,,,,,,,9.999999747378752e-05,9.999999747378752e-05,4.04070533477352e-06,,,,,,,,,,,,,,,,,,,,,,,,,,,,,
12,24699,,,,,,,,,,,,,,,,,,,9.999999747378752e-05,9.999999747378752e-05,4.04070533477352e-06,,,,,,,,,,,,,,,,,,,,,,,,,,,,,
12,24749,,,,,,,,,,,,,,,,,,,9.999999747378752e-05,9.999999747378752e-05,4.04070533477352e-06,,,,,,,,,,,,,,,,,,,,,,,,,,,,,
12,24799,,,,,,,,,,,,,,,,,,,9.999999747378752e-05,9.999999747378752e-05,4.04070533477352e-06,,,,,,,,,,,,,,,,,,,,,,,,,,,,,
12,24849,,,,,,,,,,,,,,,,,,,9.999999747378752e-05,9.999999747378752e-05,4.04070533477352e-06,,,,,,,,,,,,,,,,,,,,,,,,,,,,,
12,24899,,,,,,,,,,,,,,,,,,,9.999999747378752e-05,9.999999747378752e-05,4.04070533477352e-06,,,,,,,,,,,,,,,,,,,,,,,,,,,,,
12,24949,,,,,,,,,,,,,,,,,,,9.999999747378752e-05,9.999999747378752e-05,4.04070533477352e-06,,,,,,,,,,,,,,,,,,,,,,,,,,,,,
12,24999,,,,,,,,,,,,,,,,,,,9.999999747378752e-05,9.999999747378752e-05,4.04070533477352e-06,,,,,,,,,,,,,,,,,,,,,,,,,,,,,
12,25049,,,,,,,,,,,,,,,,,,,9.999999747378752e-05,9.999999747378752e-05,4.04070533477352e-06,,,,,,,,,,,,,,,,,,,,,,,,,,,,,
12,25099,,,,,,,,,,,,,,,,,,,9.999999747378752e-05,9.999999747378752e-05,4.04070533477352e-06,,,,,,,,,,,,,,,,,,,,,,,,,,,,,
12,25149,,,,,,,,,,,,,,,,,,,9.999999747378752e-05,9.999999747378752e-05,4.04070533477352e-06,,,,,,,,,,,,,,,,,,,,,,,,,,,,,
12,25199,,,,,,,,,,,,,,,,,,,9.999999747378752e-05,9.999999747378752e-05,4.04070533477352e-06,,,,,,,,,,,,,,,,,,,,,,,,,,,,,
12,25249,,,,,,,,,,,,,,,,,,,9.999999747378752e-05,9.999999747378752e-05,4.04070533477352e-06,,,,,,,,,,,,,,,,,,,,,,,,,,,,,
12,25299,,,,,,,,,,,,,,,,,,,9.999999747378752e-05,9.999999747378752e-05,4.04070533477352e-06,,,,,,,,,,,,,,,,,,,,,,,,,,,,,
12,25349,,,,,,,,,,,,,,,,,,,9.999999747378752e-05,9.999999747378752e-05,4.04070533477352e-06,,,,,,,,,,,,,,,,,,,,,,,,,,,,,
12,25399,,,,,,,,,,,,,,,,,,,9.999999747378752e-05,9.999999747378752e-05,4.04070533477352e-06,,,,,,,,,,,,,,,,,,,,,,,,,,,,,
12,25440,,,,,,,,,,,,,,,,,,,,,,0.30992960929870605,0.6413273215293884,0.9665642976760864,0.9771409034729004,0.9505288004875183,0.9996588230133057,-5.206000963653423e-09,0.6419965028762817,0.33026930689811707,0.5196571946144104,6.810470104217529,0.056498803198337555,0.05788423866033554,0.05678410828113556,0.06942982971668243,0.7623952031135559,0.7817109823226929,0.7644803524017334,0.7980672121047974,0.30360981822013855,0.3059602677822113,0.3029821515083313,0.3378679156303406,0.6255270838737488,0.30992960929870605,0.26651453971862793,0.5026602149009705,0.7341160178184509,0.5693626403808594
12,25440,11.545222282409668,10.664984703063965,11.43293285369873,10.453563690185547,0.03832392767071724,6.762767314910889,0.055782146751880646,0.056632909923791885,0.05600713938474655,0.06636803597211838,0.7293336987495422,0.7547637224197388,0.7331545948982239,0.779032826423645,0.3160359561443329,0.31818854808807373,0.31728193163871765,0.34475454688072205,,,,,,,,,,,,,,,,,,,,,,,,,,,,,,,,
13,25449,,,,,,,,,,,,,,,,,,,9.999999747378752e-05,9.999999747378752e-05,4.04070533477352e-06,,,,,,,,,,,,,,,,,,,,,,,,,,,,,
13,25499,,,,,,,,,,,,,,,,,,,9.999999747378752e-05,9.999999747378752e-05,4.04070533477352e-06,,,,,,,,,,,,,,,,,,,,,,,,,,,,,
13,25549,,,,,,,,,,,,,,,,,,,9.999999747378752e-05,9.999999747378752e-05,4.04070533477352e-06,,,,,,,,,,,,,,,,,,,,,,,,,,,,,
13,25599,,,,,,,,,,,,,,,,,,,9.999999747378752e-05,9.999999747378752e-05,4.04070533477352e-06,,,,,,,,,,,,,,,,,,,,,,,,,,,,,
13,25649,,,,,,,,,,,,,,,,,,,9.999999747378752e-05,9.999999747378752e-05,4.04070533477352e-06,,,,,,,,,,,,,,,,,,,,,,,,,,,,,
13,25699,,,,,,,,,,,,,,,,,,,9.999999747378752e-05,9.999999747378752e-05,4.04070533477352e-06,,,,,,,,,,,,,,,,,,,,,,,,,,,,,
13,25749,,,,,,,,,,,,,,,,,,,9.999999747378752e-05,9.999999747378752e-05,4.04070533477352e-06,,,,,,,,,,,,,,,,,,,,,,,,,,,,,
13,25799,,,,,,,,,,,,,,,,,,,9.999999747378752e-05,9.999999747378752e-05,4.04070533477352e-06,,,,,,,,,,,,,,,,,,,,,,,,,,,,,
13,25849,,,,,,,,,,,,,,,,,,,9.999999747378752e-05,9.999999747378752e-05,4.04070533477352e-06,,,,,,,,,,,,,,,,,,,,,,,,,,,,,
13,25899,,,,,,,,,,,,,,,,,,,9.999999747378752e-05,9.999999747378752e-05,4.04070533477352e-06,,,,,,,,,,,,,,,,,,,,,,,,,,,,,
13,25949,,,,,,,,,,,,,,,,,,,9.999999747378752e-05,9.999999747378752e-05,4.04070533477352e-06,,,,,,,,,,,,,,,,,,,,,,,,,,,,,
13,25999,,,,,,,,,,,,,,,,,,,9.999999747378752e-05,9.999999747378752e-05,4.04070533477352e-06,,,,,,,,,,,,,,,,,,,,,,,,,,,,,
13,26049,,,,,,,,,,,,,,,,,,,9.999999747378752e-05,9.999999747378752e-05,4.04070533477352e-06,,,,,,,,,,,,,,,,,,,,,,,,,,,,,
13,26099,,,,,,,,,,,,,,,,,,,9.999999747378752e-05,9.999999747378752e-05,4.04070533477352e-06,,,,,,,,,,,,,,,,,,,,,,,,,,,,,
13,26149,,,,,,,,,,,,,,,,,,,9.999999747378752e-05,9.999999747378752e-05,4.04070533477352e-06,,,,,,,,,,,,,,,,,,,,,,,,,,,,,
13,26199,,,,,,,,,,,,,,,,,,,9.999999747378752e-05,9.999999747378752e-05,4.04070533477352e-06,,,,,,,,,,,,,,,,,,,,,,,,,,,,,
13,26249,,,,,,,,,,,,,,,,,,,9.999999747378752e-05,9.999999747378752e-05,4.04070533477352e-06,,,,,,,,,,,,,,,,,,,,,,,,,,,,,
13,26299,,,,,,,,,,,,,,,,,,,9.999999747378752e-05,9.999999747378752e-05,4.04070533477352e-06,,,,,,,,,,,,,,,,,,,,,,,,,,,,,
13,26349,,,,,,,,,,,,,,,,,,,9.999999747378752e-05,9.999999747378752e-05,4.04070533477352e-06,,,,,,,,,,,,,,,,,,,,,,,,,,,,,
13,26399,,,,,,,,,,,,,,,,,,,9.999999747378752e-05,9.999999747378752e-05,4.04070533477352e-06,,,,,,,,,,,,,,,,,,,,,,,,,,,,,
13,26449,,,,,,,,,,,,,,,,,,,9.999999747378752e-05,9.999999747378752e-05,4.04070533477352e-06,,,,,,,,,,,,,,,,,,,,,,,,,,,,,
13,26499,,,,,,,,,,,,,,,,,,,9.999999747378752e-05,9.999999747378752e-05,4.04070533477352e-06,,,,,,,,,,,,,,,,,,,,,,,,,,,,,
13,26549,,,,,,,,,,,,,,,,,,,9.999999747378752e-05,9.999999747378752e-05,4.04070533477352e-06,,,,,,,,,,,,,,,,,,,,,,,,,,,,,
13,26599,,,,,,,,,,,,,,,,,,,9.999999747378752e-05,9.999999747378752e-05,4.04070533477352e-06,,,,,,,,,,,,,,,,,,,,,,,,,,,,,
13,26649,,,,,,,,,,,,,,,,,,,9.999999747378752e-05,9.999999747378752e-05,4.04070533477352e-06,,,,,,,,,,,,,,,,,,,,,,,,,,,,,
13,26699,,,,,,,,,,,,,,,,,,,9.999999747378752e-05,9.999999747378752e-05,4.04070533477352e-06,,,,,,,,,,,,,,,,,,,,,,,,,,,,,
13,26749,,,,,,,,,,,,,,,,,,,9.999999747378752e-05,9.999999747378752e-05,4.04070533477352e-06,,,,,,,,,,,,,,,,,,,,,,,,,,,,,
13,26799,,,,,,,,,,,,,,,,,,,9.999999747378752e-05,9.999999747378752e-05,4.04070533477352e-06,,,,,,,,,,,,,,,,,,,,,,,,,,,,,
13,26849,,,,,,,,,,,,,,,,,,,9.999999747378752e-05,9.999999747378752e-05,4.04070533477352e-06,,,,,,,,,,,,,,,,,,,,,,,,,,,,,
13,26899,,,,,,,,,,,,,,,,,,,9.999999747378752e-05,9.999999747378752e-05,4.04070533477352e-06,,,,,,,,,,,,,,,,,,,,,,,,,,,,,
13,26949,,,,,,,,,,,,,,,,,,,9.999999747378752e-05,9.999999747378752e-05,4.04070533477352e-06,,,,,,,,,,,,,,,,,,,,,,,,,,,,,
13,26999,,,,,,,,,,,,,,,,,,,9.999999747378752e-05,9.999999747378752e-05,4.04070533477352e-06,,,,,,,,,,,,,,,,,,,,,,,,,,,,,
13,27049,,,,,,,,,,,,,,,,,,,9.999999747378752e-05,9.999999747378752e-05,4.04070533477352e-06,,,,,,,,,,,,,,,,,,,,,,,,,,,,,
13,27099,,,,,,,,,,,,,,,,,,,9.999999747378752e-05,9.999999747378752e-05,4.04070533477352e-06,,,,,,,,,,,,,,,,,,,,,,,,,,,,,
13,27149,,,,,,,,,,,,,,,,,,,9.999999747378752e-05,9.999999747378752e-05,4.04070533477352e-06,,,,,,,,,,,,,,,,,,,,,,,,,,,,,
13,27199,,,,,,,,,,,,,,,,,,,9.999999747378752e-05,9.999999747378752e-05,4.04070533477352e-06,,,,,,,,,,,,,,,,,,,,,,,,,,,,,
13,27249,,,,,,,,,,,,,,,,,,,9.999999747378752e-05,9.999999747378752e-05,4.04070533477352e-06,,,,,,,,,,,,,,,,,,,,,,,,,,,,,
13,27299,,,,,,,,,,,,,,,,,,,9.999999747378752e-05,9.999999747378752e-05,4.04070533477352e-06,,,,,,,,,,,,,,,,,,,,,,,,,,,,,
13,27349,,,,,,,,,,,,,,,,,,,9.999999747378752e-05,9.999999747378752e-05,4.04070533477352e-06,,,,,,,,,,,,,,,,,,,,,,,,,,,,,
13,27397,,,,,,,,,,,,,,,,,,,,,,0.30399999022483826,0.6337185502052307,0.9703173041343689,0.998976469039917,0.9669054746627808,1.0631183385849,-5.206000963653423e-09,0.6485869288444519,0.3328621983528137,0.5092304944992065,6.800576210021973,0.057312458753585815,0.05825363099575043,0.057648126035928726,0.06521859765052795,0.756735622882843,0.7754331231117249,0.7536696791648865,0.7951599955558777,0.3103298544883728,0.31123167276382446,0.311256468296051,0.3308914303779602,0.6181017756462097,0.30399999022483826,0.2593173682689667,0.4973576068878174,0.7506722211837769,0.5482949614524841
13,27397,11.670413970947266,10.800268173217773,11.53877067565918,10.55333423614502,0.10219719260931015,6.735696315765381,0.05492079630494118,0.05600211024284363,0.055388741195201874,0.06556721031665802,0.7288015484809875,0.7554567456245422,0.7333768606185913,0.7831575870513916,0.31389063596725464,0.31575316190719604,0.3148714303970337,0.3432401120662689,,,,,,,,,,,,,,,,,,,,,,,,,,,,,,,,
14,27399,,,,,,,,,,,,,,,,,,,9.999999747378752e-05,9.999999747378752e-05,4.04070533477352e-06,,,,,,,,,,,,,,,,,,,,,,,,,,,,,
14,27449,,,,,,,,,,,,,,,,,,,9.999999747378752e-05,9.999999747378752e-05,4.04070533477352e-06,,,,,,,,,,,,,,,,,,,,,,,,,,,,,
14,27499,,,,,,,,,,,,,,,,,,,9.999999747378752e-05,9.999999747378752e-05,4.04070533477352e-06,,,,,,,,,,,,,,,,,,,,,,,,,,,,,
14,27549,,,,,,,,,,,,,,,,,,,9.999999747378752e-05,9.999999747378752e-05,4.04070533477352e-06,,,,,,,,,,,,,,,,,,,,,,,,,,,,,
14,27599,,,,,,,,,,,,,,,,,,,9.999999747378752e-05,9.999999747378752e-05,4.04070533477352e-06,,,,,,,,,,,,,,,,,,,,,,,,,,,,,
14,27649,,,,,,,,,,,,,,,,,,,9.999999747378752e-05,9.999999747378752e-05,4.04070533477352e-06,,,,,,,,,,,,,,,,,,,,,,,,,,,,,
14,27699,,,,,,,,,,,,,,,,,,,9.999999747378752e-05,9.999999747378752e-05,4.04070533477352e-06,,,,,,,,,,,,,,,,,,,,,,,,,,,,,
14,27749,,,,,,,,,,,,,,,,,,,9.999999747378752e-05,9.999999747378752e-05,4.04070533477352e-06,,,,,,,,,,,,,,,,,,,,,,,,,,,,,
14,27799,,,,,,,,,,,,,,,,,,,9.999999747378752e-05,9.999999747378752e-05,4.04070533477352e-06,,,,,,,,,,,,,,,,,,,,,,,,,,,,,
14,27849,,,,,,,,,,,,,,,,,,,9.999999747378752e-05,9.999999747378752e-05,4.04070533477352e-06,,,,,,,,,,,,,,,,,,,,,,,,,,,,,
14,27899,,,,,,,,,,,,,,,,,,,9.999999747378752e-05,9.999999747378752e-05,4.04070533477352e-06,,,,,,,,,,,,,,,,,,,,,,,,,,,,,
14,27949,,,,,,,,,,,,,,,,,,,9.999999747378752e-05,9.999999747378752e-05,4.04070533477352e-06,,,,,,,,,,,,,,,,,,,,,,,,,,,,,
14,27999,,,,,,,,,,,,,,,,,,,9.999999747378752e-05,9.999999747378752e-05,4.04070533477352e-06,,,,,,,,,,,,,,,,,,,,,,,,,,,,,
14,28049,,,,,,,,,,,,,,,,,,,9.999999747378752e-05,9.999999747378752e-05,4.04070533477352e-06,,,,,,,,,,,,,,,,,,,,,,,,,,,,,
14,28099,,,,,,,,,,,,,,,,,,,9.999999747378752e-05,9.999999747378752e-05,4.04070533477352e-06,,,,,,,,,,,,,,,,,,,,,,,,,,,,,
14,28149,,,,,,,,,,,,,,,,,,,9.999999747378752e-05,9.999999747378752e-05,4.04070533477352e-06,,,,,,,,,,,,,,,,,,,,,,,,,,,,,
14,28199,,,,,,,,,,,,,,,,,,,9.999999747378752e-05,9.999999747378752e-05,4.04070533477352e-06,,,,,,,,,,,,,,,,,,,,,,,,,,,,,
14,28249,,,,,,,,,,,,,,,,,,,9.999999747378752e-05,9.999999747378752e-05,4.04070533477352e-06,,,,,,,,,,,,,,,,,,,,,,,,,,,,,
14,28299,,,,,,,,,,,,,,,,,,,9.999999747378752e-05,9.999999747378752e-05,4.04070533477352e-06,,,,,,,,,,,,,,,,,,,,,,,,,,,,,
14,28349,,,,,,,,,,,,,,,,,,,9.999999747378752e-05,9.999999747378752e-05,4.04070533477352e-06,,,,,,,,,,,,,,,,,,,,,,,,,,,,,
14,28399,,,,,,,,,,,,,,,,,,,9.999999747378752e-05,9.999999747378752e-05,4.04070533477352e-06,,,,,,,,,,,,,,,,,,,,,,,,,,,,,
14,28449,,,,,,,,,,,,,,,,,,,9.999999747378752e-05,9.999999747378752e-05,4.04070533477352e-06,,,,,,,,,,,,,,,,,,,,,,,,,,,,,
14,28499,,,,,,,,,,,,,,,,,,,9.999999747378752e-05,9.999999747378752e-05,4.04070533477352e-06,,,,,,,,,,,,,,,,,,,,,,,,,,,,,
14,28549,,,,,,,,,,,,,,,,,,,9.999999747378752e-05,9.999999747378752e-05,4.04070533477352e-06,,,,,,,,,,,,,,,,,,,,,,,,,,,,,
14,28599,,,,,,,,,,,,,,,,,,,9.999999747378752e-05,9.999999747378752e-05,4.04070533477352e-06,,,,,,,,,,,,,,,,,,,,,,,,,,,,,
14,28649,,,,,,,,,,,,,,,,,,,9.999999747378752e-05,9.999999747378752e-05,4.04070533477352e-06,,,,,,,,,,,,,,,,,,,,,,,,,,,,,
14,28699,,,,,,,,,,,,,,,,,,,9.999999747378752e-05,9.999999747378752e-05,4.04070533477352e-06,,,,,,,,,,,,,,,,,,,,,,,,,,,,,
14,28749,,,,,,,,,,,,,,,,,,,9.999999747378752e-05,9.999999747378752e-05,4.04070533477352e-06,,,,,,,,,,,,,,,,,,,,,,,,,,,,,
14,28799,,,,,,,,,,,,,,,,,,,9.999999747378752e-05,9.999999747378752e-05,4.04070533477352e-06,,,,,,,,,,,,,,,,,,,,,,,,,,,,,
14,28849,,,,,,,,,,,,,,,,,,,9.999999747378752e-05,9.999999747378752e-05,4.04070533477352e-06,,,,,,,,,,,,,,,,,,,,,,,,,,,,,
14,28899,,,,,,,,,,,,,,,,,,,9.999999747378752e-05,9.999999747378752e-05,4.04070533477352e-06,,,,,,,,,,,,,,,,,,,,,,,,,,,,,
14,28949,,,,,,,,,,,,,,,,,,,9.999999747378752e-05,9.999999747378752e-05,4.04070533477352e-06,,,,,,,,,,,,,,,,,,,,,,,,,,,,,
14,28999,,,,,,,,,,,,,,,,,,,9.999999747378752e-05,9.999999747378752e-05,4.04070533477352e-06,,,,,,,,,,,,,,,,,,,,,,,,,,,,,
14,29049,,,,,,,,,,,,,,,,,,,9.999999747378752e-05,9.999999747378752e-05,4.04070533477352e-06,,,,,,,,,,,,,,,,,,,,,,,,,,,,,
14,29099,,,,,,,,,,,,,,,,,,,9.999999747378752e-05,9.999999747378752e-05,4.04070533477352e-06,,,,,,,,,,,,,,,,,,,,,,,,,,,,,
14,29149,,,,,,,,,,,,,,,,,,,9.999999747378752e-05,9.999999747378752e-05,4.04070533477352e-06,,,,,,,,,,,,,,,,,,,,,,,,,,,,,
14,29199,,,,,,,,,,,,,,,,,,,9.999999747378752e-05,9.999999747378752e-05,4.04070533477352e-06,,,,,,,,,,,,,,,,,,,,,,,,,,,,,
14,29249,,,,,,,,,,,,,,,,,,,9.999999747378752e-05,9.999999747378752e-05,4.04070533477352e-06,,,,,,,,,,,,,,,,,,,,,,,,,,,,,
14,29299,,,,,,,,,,,,,,,,,,,9.999999747378752e-05,9.999999747378752e-05,4.04070533477352e-06,,,,,,,,,,,,,,,,,,,,,,,,,,,,,
14,29349,,,,,,,,,,,,,,,,,,,9.999999747378752e-05,9.999999747378752e-05,4.04070533477352e-06,,,,,,,,,,,,,,,,,,,,,,,,,,,,,
14,29354,,,,,,,,,,,,,,,,,,,,,,0.314448744058609,0.6456960439682007,0.8839986324310303,0.9181166887283325,0.8921869397163391,1.0197885036468506,-5.206000963653423e-09,0.6463965177536011,0.33266782760620117,0.5121585726737976,6.774758338928223,0.05967815965414047,0.06079702451825142,0.05929199978709221,0.06843522936105728,0.7308763861656189,0.7538205981254578,0.7376142740249634,0.7774890065193176,0.3116549253463745,0.3113778829574585,0.3081800937652588,0.33575764298439026,0.6247056126594543,0.314448744058609,0.27574652433395386,0.4904124140739441,0.7326081991195679,0.5772183537483215
14,29354,11.944685935974121,11.21129322052002,11.88132381439209,10.987736701965332,0.05109850689768791,6.673653602600098,0.0547550804913044,0.055722426623106,0.05503247305750847,0.06528342515230179,0.7192121744155884,0.742997944355011,0.7238945364952087,0.7698661684989929,0.31271597743034363,0.31457728147506714,0.31305065751075745,0.3415167033672333,,,,,,,,,,,,,,,,,,,,,,,,,,,,,,,,
15,29399,,,,,,,,,,,,,,,,,,,9.999999747378752e-05,9.999999747378752e-05,4.04070533477352e-06,,,,,,,,,,,,,,,,,,,,,,,,,,,,,
15,29449,,,,,,,,,,,,,,,,,,,9.999999747378752e-05,9.999999747378752e-05,4.04070533477352e-06,,,,,,,,,,,,,,,,,,,,,,,,,,,,,
15,29499,,,,,,,,,,,,,,,,,,,9.999999747378752e-05,9.999999747378752e-05,4.04070533477352e-06,,,,,,,,,,,,,,,,,,,,,,,,,,,,,
15,29549,,,,,,,,,,,,,,,,,,,9.999999747378752e-05,9.999999747378752e-05,4.04070533477352e-06,,,,,,,,,,,,,,,,,,,,,,,,,,,,,
15,29599,,,,,,,,,,,,,,,,,,,9.999999747378752e-05,9.999999747378752e-05,4.04070533477352e-06,,,,,,,,,,,,,,,,,,,,,,,,,,,,,
15,29649,,,,,,,,,,,,,,,,,,,9.999999747378752e-05,9.999999747378752e-05,4.04070533477352e-06,,,,,,,,,,,,,,,,,,,,,,,,,,,,,
15,29699,,,,,,,,,,,,,,,,,,,9.999999747378752e-05,9.999999747378752e-05,4.04070533477352e-06,,,,,,,,,,,,,,,,,,,,,,,,,,,,,
15,29749,,,,,,,,,,,,,,,,,,,9.999999747378752e-05,9.999999747378752e-05,4.04070533477352e-06,,,,,,,,,,,,,,,,,,,,,,,,,,,,,
15,29799,,,,,,,,,,,,,,,,,,,9.999999747378752e-05,9.999999747378752e-05,4.04070533477352e-06,,,,,,,,,,,,,,,,,,,,,,,,,,,,,
15,29849,,,,,,,,,,,,,,,,,,,9.999999747378752e-05,9.999999747378752e-05,4.04070533477352e-06,,,,,,,,,,,,,,,,,,,,,,,,,,,,,
15,29899,,,,,,,,,,,,,,,,,,,9.999999747378752e-05,9.999999747378752e-05,4.04070533477352e-06,,,,,,,,,,,,,,,,,,,,,,,,,,,,,
15,29949,,,,,,,,,,,,,,,,,,,9.999999747378752e-05,9.999999747378752e-05,4.04070533477352e-06,,,,,,,,,,,,,,,,,,,,,,,,,,,,,
15,29999,,,,,,,,,,,,,,,,,,,9.999999747378752e-05,9.999999747378752e-05,4.04070533477352e-06,,,,,,,,,,,,,,,,,,,,,,,,,,,,,
15,30049,,,,,,,,,,,,,,,,,,,9.999999747378752e-05,9.999999747378752e-05,4.04070533477352e-06,,,,,,,,,,,,,,,,,,,,,,,,,,,,,
15,30099,,,,,,,,,,,,,,,,,,,9.999999747378752e-05,9.999999747378752e-05,4.04070533477352e-06,,,,,,,,,,,,,,,,,,,,,,,,,,,,,
15,30149,,,,,,,,,,,,,,,,,,,9.999999747378752e-05,9.999999747378752e-05,4.04070533477352e-06,,,,,,,,,,,,,,,,,,,,,,,,,,,,,
15,30199,,,,,,,,,,,,,,,,,,,9.999999747378752e-05,9.999999747378752e-05,4.04070533477352e-06,,,,,,,,,,,,,,,,,,,,,,,,,,,,,
15,30249,,,,,,,,,,,,,,,,,,,9.999999747378752e-05,9.999999747378752e-05,4.04070533477352e-06,,,,,,,,,,,,,,,,,,,,,,,,,,,,,
15,30299,,,,,,,,,,,,,,,,,,,9.999999747378752e-05,9.999999747378752e-05,4.04070533477352e-06,,,,,,,,,,,,,,,,,,,,,,,,,,,,,
15,30349,,,,,,,,,,,,,,,,,,,9.999999747378752e-05,9.999999747378752e-05,4.04070533477352e-06,,,,,,,,,,,,,,,,,,,,,,,,,,,,,
15,30399,,,,,,,,,,,,,,,,,,,9.999999747378752e-05,9.999999747378752e-05,4.04070533477352e-06,,,,,,,,,,,,,,,,,,,,,,,,,,,,,
15,30449,,,,,,,,,,,,,,,,,,,9.999999747378752e-05,9.999999747378752e-05,4.04070533477352e-06,,,,,,,,,,,,,,,,,,,,,,,,,,,,,
15,30499,,,,,,,,,,,,,,,,,,,9.999999747378752e-05,9.999999747378752e-05,4.04070533477352e-06,,,,,,,,,,,,,,,,,,,,,,,,,,,,,
15,30549,,,,,,,,,,,,,,,,,,,9.999999747378752e-05,9.999999747378752e-05,4.04070533477352e-06,,,,,,,,,,,,,,,,,,,,,,,,,,,,,
15,30599,,,,,,,,,,,,,,,,,,,9.999999747378752e-05,9.999999747378752e-05,4.04070533477352e-06,,,,,,,,,,,,,,,,,,,,,,,,,,,,,
15,30649,,,,,,,,,,,,,,,,,,,9.999999747378752e-05,9.999999747378752e-05,4.04070533477352e-06,,,,,,,,,,,,,,,,,,,,,,,,,,,,,
15,30699,,,,,,,,,,,,,,,,,,,9.999999747378752e-05,9.999999747378752e-05,4.04070533477352e-06,,,,,,,,,,,,,,,,,,,,,,,,,,,,,
15,30749,,,,,,,,,,,,,,,,,,,9.999999747378752e-05,9.999999747378752e-05,4.04070533477352e-06,,,,,,,,,,,,,,,,,,,,,,,,,,,,,
15,30799,,,,,,,,,,,,,,,,,,,9.999999747378752e-05,9.999999747378752e-05,4.04070533477352e-06,,,,,,,,,,,,,,,,,,,,,,,,,,,,,
15,30849,,,,,,,,,,,,,,,,,,,9.999999747378752e-05,9.999999747378752e-05,4.04070533477352e-06,,,,,,,,,,,,,,,,,,,,,,,,,,,,,
15,30899,,,,,,,,,,,,,,,,,,,9.999999747378752e-05,9.999999747378752e-05,4.04070533477352e-06,,,,,,,,,,,,,,,,,,,,,,,,,,,,,
15,30949,,,,,,,,,,,,,,,,,,,9.999999747378752e-05,9.999999747378752e-05,4.04070533477352e-06,,,,,,,,,,,,,,,,,,,,,,,,,,,,,
15,30999,,,,,,,,,,,,,,,,,,,9.999999747378752e-05,9.999999747378752e-05,4.04070533477352e-06,,,,,,,,,,,,,,,,,,,,,,,,,,,,,
15,31049,,,,,,,,,,,,,,,,,,,9.999999747378752e-05,9.999999747378752e-05,4.04070533477352e-06,,,,,,,,,,,,,,,,,,,,,,,,,,,,,
15,31099,,,,,,,,,,,,,,,,,,,9.999999747378752e-05,9.999999747378752e-05,4.04070533477352e-06,,,,,,,,,,,,,,,,,,,,,,,,,,,,,
15,31149,,,,,,,,,,,,,,,,,,,9.999999747378752e-05,9.999999747378752e-05,4.04070533477352e-06,,,,,,,,,,,,,,,,,,,,,,,,,,,,,
15,31199,,,,,,,,,,,,,,,,,,,9.999999747378752e-05,9.999999747378752e-05,4.04070533477352e-06,,,,,,,,,,,,,,,,,,,,,,,,,,,,,
15,31249,,,,,,,,,,,,,,,,,,,9.999999747378752e-05,9.999999747378752e-05,4.04070533477352e-06,,,,,,,,,,,,,,,,,,,,,,,,,,,,,
15,31299,,,,,,,,,,,,,,,,,,,9.999999747378752e-05,9.999999747378752e-05,4.04070533477352e-06,,,,,,,,,,,,,,,,,,,,,,,,,,,,,
15,31311,,,,,,,,,,,,,,,,,,,,,,0.3234313726425171,0.6522171497344971,0.8427157998085022,0.9017400145530701,0.8369157314300537,0.9662231206893921,-5.206000963653423e-09,0.6604366302490234,0.3402806520462036,0.5224959850311279,6.716716766357422,0.05908980220556259,0.05958668515086174,0.059103261679410934,0.06577824801206589,0.7321737408638,0.7572925686836243,0.7386281490325928,0.7767579555511475,0.30575037002563477,0.30694201588630676,0.304301917552948,0.3300405740737915,0.6406158804893494,0.3234313726425171,0.2849199175834656,0.5004463195800781,0.7359210252761841,0.5856097340583801
15,31311,12.159747123718262,11.3366117477417,12.04784107208252,11.048160552978516,0.06387315690517426,6.599167823791504,0.0534740686416626,0.054545801132917404,0.0537690743803978,0.06451790779829025,0.71698397397995,0.7421604990959167,0.7220911979675293,0.771074116230011,0.30611610412597656,0.30811402201652527,0.306637167930603,0.33679652214050293,,,,,,,,,,,,,,,,,,,,,,,,,,,,,,,,
16,31349,,,,,,,,,,,,,,,,,,,9.999999747378752e-05,9.999999747378752e-05,4.04070533477352e-06,,,,,,,,,,,,,,,,,,,,,,,,,,,,,
16,31399,,,,,,,,,,,,,,,,,,,9.999999747378752e-05,9.999999747378752e-05,4.04070533477352e-06,,,,,,,,,,,,,,,,,,,,,,,,,,,,,
16,31449,,,,,,,,,,,,,,,,,,,9.999999747378752e-05,9.999999747378752e-05,4.04070533477352e-06,,,,,,,,,,,,,,,,,,,,,,,,,,,,,
16,31499,,,,,,,,,,,,,,,,,,,9.999999747378752e-05,9.999999747378752e-05,4.04070533477352e-06,,,,,,,,,,,,,,,,,,,,,,,,,,,,,
16,31549,,,,,,,,,,,,,,,,,,,9.999999747378752e-05,9.999999747378752e-05,4.04070533477352e-06,,,,,,,,,,,,,,,,,,,,,,,,,,,,,
16,31599,,,,,,,,,,,,,,,,,,,9.999999747378752e-05,9.999999747378752e-05,4.04070533477352e-06,,,,,,,,,,,,,,,,,,,,,,,,,,,,,
16,31649,,,,,,,,,,,,,,,,,,,9.999999747378752e-05,9.999999747378752e-05,4.04070533477352e-06,,,,,,,,,,,,,,,,,,,,,,,,,,,,,
16,31699,,,,,,,,,,,,,,,,,,,9.999999747378752e-05,9.999999747378752e-05,4.04070533477352e-06,,,,,,,,,,,,,,,,,,,,,,,,,,,,,
16,31749,,,,,,,,,,,,,,,,,,,9.999999747378752e-05,9.999999747378752e-05,4.04070533477352e-06,,,,,,,,,,,,,,,,,,,,,,,,,,,,,
16,31799,,,,,,,,,,,,,,,,,,,9.999999747378752e-05,9.999999747378752e-05,4.04070533477352e-06,,,,,,,,,,,,,,,,,,,,,,,,,,,,,
16,31849,,,,,,,,,,,,,,,,,,,9.999999747378752e-05,9.999999747378752e-05,4.04070533477352e-06,,,,,,,,,,,,,,,,,,,,,,,,,,,,,
16,31899,,,,,,,,,,,,,,,,,,,9.999999747378752e-05,9.999999747378752e-05,4.04070533477352e-06,,,,,,,,,,,,,,,,,,,,,,,,,,,,,
16,31949,,,,,,,,,,,,,,,,,,,9.999999747378752e-05,9.999999747378752e-05,4.04070533477352e-06,,,,,,,,,,,,,,,,,,,,,,,,,,,,,
16,31999,,,,,,,,,,,,,,,,,,,9.999999747378752e-05,9.999999747378752e-05,4.04070533477352e-06,,,,,,,,,,,,,,,,,,,,,,,,,,,,,
16,32049,,,,,,,,,,,,,,,,,,,9.999999747378752e-05,9.999999747378752e-05,4.04070533477352e-06,,,,,,,,,,,,,,,,,,,,,,,,,,,,,
16,32099,,,,,,,,,,,,,,,,,,,9.999999747378752e-05,9.999999747378752e-05,4.04070533477352e-06,,,,,,,,,,,,,,,,,,,,,,,,,,,,,
16,32149,,,,,,,,,,,,,,,,,,,9.999999747378752e-05,9.999999747378752e-05,4.04070533477352e-06,,,,,,,,,,,,,,,,,,,,,,,,,,,,,
16,32199,,,,,,,,,,,,,,,,,,,9.999999747378752e-05,9.999999747378752e-05,4.04070533477352e-06,,,,,,,,,,,,,,,,,,,,,,,,,,,,,
16,32249,,,,,,,,,,,,,,,,,,,9.999999747378752e-05,9.999999747378752e-05,4.04070533477352e-06,,,,,,,,,,,,,,,,,,,,,,,,,,,,,
16,32299,,,,,,,,,,,,,,,,,,,9.999999747378752e-05,9.999999747378752e-05,4.04070533477352e-06,,,,,,,,,,,,,,,,,,,,,,,,,,,,,
16,32349,,,,,,,,,,,,,,,,,,,9.999999747378752e-05,9.999999747378752e-05,4.04070533477352e-06,,,,,,,,,,,,,,,,,,,,,,,,,,,,,
16,32399,,,,,,,,,,,,,,,,,,,9.999999747378752e-05,9.999999747378752e-05,4.04070533477352e-06,,,,,,,,,,,,,,,,,,,,,,,,,,,,,
16,32449,,,,,,,,,,,,,,,,,,,9.999999747378752e-05,9.999999747378752e-05,4.04070533477352e-06,,,,,,,,,,,,,,,,,,,,,,,,,,,,,
16,32499,,,,,,,,,,,,,,,,,,,9.999999747378752e-05,9.999999747378752e-05,4.04070533477352e-06,,,,,,,,,,,,,,,,,,,,,,,,,,,,,
16,32549,,,,,,,,,,,,,,,,,,,9.999999747378752e-05,9.999999747378752e-05,4.04070533477352e-06,,,,,,,,,,,,,,,,,,,,,,,,,,,,,
16,32599,,,,,,,,,,,,,,,,,,,9.999999747378752e-05,9.999999747378752e-05,4.04070533477352e-06,,,,,,,,,,,,,,,,,,,,,,,,,,,,,
16,32649,,,,,,,,,,,,,,,,,,,9.999999747378752e-05,9.999999747378752e-05,4.04070533477352e-06,,,,,,,,,,,,,,,,,,,,,,,,,,,,,
16,32699,,,,,,,,,,,,,,,,,,,9.999999747378752e-05,9.999999747378752e-05,4.04070533477352e-06,,,,,,,,,,,,,,,,,,,,,,,,,,,,,
16,32749,,,,,,,,,,,,,,,,,,,9.999999747378752e-05,9.999999747378752e-05,4.04070533477352e-06,,,,,,,,,,,,,,,,,,,,,,,,,,,,,
16,32799,,,,,,,,,,,,,,,,,,,9.999999747378752e-05,9.999999747378752e-05,4.04070533477352e-06,,,,,,,,,,,,,,,,,,,,,,,,,,,,,
16,32849,,,,,,,,,,,,,,,,,,,9.999999747378752e-05,9.999999747378752e-05,4.04070533477352e-06,,,,,,,,,,,,,,,,,,,,,,,,,,,,,
16,32899,,,,,,,,,,,,,,,,,,,9.999999747378752e-05,9.999999747378752e-05,4.04070533477352e-06,,,,,,,,,,,,,,,,,,,,,,,,,,,,,
16,32949,,,,,,,,,,,,,,,,,,,9.999999747378752e-05,9.999999747378752e-05,4.04070533477352e-06,,,,,,,,,,,,,,,,,,,,,,,,,,,,,
16,32999,,,,,,,,,,,,,,,,,,,9.999999747378752e-05,9.999999747378752e-05,4.04070533477352e-06,,,,,,,,,,,,,,,,,,,,,,,,,,,,,
16,33049,,,,,,,,,,,,,,,,,,,9.999999747378752e-05,9.999999747378752e-05,4.04070533477352e-06,,,,,,,,,,,,,,,,,,,,,,,,,,,,,
16,33099,,,,,,,,,,,,,,,,,,,9.999999747378752e-05,9.999999747378752e-05,4.04070533477352e-06,,,,,,,,,,,,,,,,,,,,,,,,,,,,,
16,33149,,,,,,,,,,,,,,,,,,,9.999999747378752e-05,9.999999747378752e-05,4.04070533477352e-06,,,,,,,,,,,,,,,,,,,,,,,,,,,,,
16,33199,,,,,,,,,,,,,,,,,,,9.999999747378752e-05,9.999999747378752e-05,4.04070533477352e-06,,,,,,,,,,,,,,,,,,,,,,,,,,,,,
16,33249,,,,,,,,,,,,,,,,,,,9.999999747378752e-05,9.999999747378752e-05,4.04070533477352e-06,,,,,,,,,,,,,,,,,,,,,,,,,,,,,
16,33268,,,,,,,,,,,,,,,,,,,,,,0.31895607709884644,0.6545418500900269,0.8358922004699707,0.8894575238227844,0.8570453524589539,0.898669421672821,-5.206000963653423e-09,0.6638512015342712,0.3435964584350586,0.5284948945045471,6.789218902587891,0.06071694940328598,0.060304854065179825,0.05994795635342598,0.0688047856092453,0.7398856282234192,0.7556225061416626,0.7403309941291809,0.7763841152191162,0.3089190125465393,0.31015658378601074,0.30904191732406616,0.33594775199890137,0.6339465379714966,0.31895607709884644,0.2756875455379486,0.5100696086883545,0.7331709265708923,0.5911444425582886
16,33268,12.282575607299805,11.516735076904297,12.188937187194824,11.32990550994873,0.06387325376272202,6.586241245269775,0.053590431809425354,0.05465198680758476,0.05402316153049469,0.06471337378025055,0.7124749422073364,0.7367663979530334,0.7171415686607361,0.761292576789856,0.30702534317970276,0.3095168173313141,0.3081294000148773,0.3371647596359253,,,,,,,,,,,,,,,,,,,,,,,,,,,,,,,,
17,33299,,,,,,,,,,,,,,,,,,,9.999999747378752e-05,9.999999747378752e-05,4.04070533477352e-06,,,,,,,,,,,,,,,,,,,,,,,,,,,,,
17,33349,,,,,,,,,,,,,,,,,,,9.999999747378752e-05,9.999999747378752e-05,4.04070533477352e-06,,,,,,,,,,,,,,,,,,,,,,,,,,,,,
17,33399,,,,,,,,,,,,,,,,,,,9.999999747378752e-05,9.999999747378752e-05,4.04070533477352e-06,,,,,,,,,,,,,,,,,,,,,,,,,,,,,
17,33449,,,,,,,,,,,,,,,,,,,9.999999747378752e-05,9.999999747378752e-05,4.04070533477352e-06,,,,,,,,,,,,,,,,,,,,,,,,,,,,,
17,33499,,,,,,,,,,,,,,,,,,,9.999999747378752e-05,9.999999747378752e-05,4.04070533477352e-06,,,,,,,,,,,,,,,,,,,,,,,,,,,,,
17,33549,,,,,,,,,,,,,,,,,,,9.999999747378752e-05,9.999999747378752e-05,4.04070533477352e-06,,,,,,,,,,,,,,,,,,,,,,,,,,,,,
17,33599,,,,,,,,,,,,,,,,,,,9.999999747378752e-05,9.999999747378752e-05,4.04070533477352e-06,,,,,,,,,,,,,,,,,,,,,,,,,,,,,
17,33649,,,,,,,,,,,,,,,,,,,9.999999747378752e-05,9.999999747378752e-05,4.04070533477352e-06,,,,,,,,,,,,,,,,,,,,,,,,,,,,,
17,33699,,,,,,,,,,,,,,,,,,,9.999999747378752e-05,9.999999747378752e-05,4.04070533477352e-06,,,,,,,,,,,,,,,,,,,,,,,,,,,,,
17,33749,,,,,,,,,,,,,,,,,,,9.999999747378752e-05,9.999999747378752e-05,4.04070533477352e-06,,,,,,,,,,,,,,,,,,,,,,,,,,,,,
17,33799,,,,,,,,,,,,,,,,,,,9.999999747378752e-05,9.999999747378752e-05,4.04070533477352e-06,,,,,,,,,,,,,,,,,,,,,,,,,,,,,
17,33849,,,,,,,,,,,,,,,,,,,9.999999747378752e-05,9.999999747378752e-05,4.04070533477352e-06,,,,,,,,,,,,,,,,,,,,,,,,,,,,,
17,33899,,,,,,,,,,,,,,,,,,,9.999999747378752e-05,9.999999747378752e-05,4.04070533477352e-06,,,,,,,,,,,,,,,,,,,,,,,,,,,,,
17,33949,,,,,,,,,,,,,,,,,,,9.999999747378752e-05,9.999999747378752e-05,4.04070533477352e-06,,,,,,,,,,,,,,,,,,,,,,,,,,,,,
17,33999,,,,,,,,,,,,,,,,,,,9.999999747378752e-05,9.999999747378752e-05,4.04070533477352e-06,,,,,,,,,,,,,,,,,,,,,,,,,,,,,
17,34049,,,,,,,,,,,,,,,,,,,9.999999747378752e-05,9.999999747378752e-05,4.04070533477352e-06,,,,,,,,,,,,,,,,,,,,,,,,,,,,,
17,34099,,,,,,,,,,,,,,,,,,,9.999999747378752e-05,9.999999747378752e-05,4.04070533477352e-06,,,,,,,,,,,,,,,,,,,,,,,,,,,,,
17,34149,,,,,,,,,,,,,,,,,,,9.999999747378752e-05,9.999999747378752e-05,4.04070533477352e-06,,,,,,,,,,,,,,,,,,,,,,,,,,,,,
17,34199,,,,,,,,,,,,,,,,,,,9.999999747378752e-05,9.999999747378752e-05,4.04070533477352e-06,,,,,,,,,,,,,,,,,,,,,,,,,,,,,
17,34249,,,,,,,,,,,,,,,,,,,9.999999747378752e-05,9.999999747378752e-05,4.04070533477352e-06,,,,,,,,,,,,,,,,,,,,,,,,,,,,,
17,34299,,,,,,,,,,,,,,,,,,,9.999999747378752e-05,9.999999747378752e-05,4.04070533477352e-06,,,,,,,,,,,,,,,,,,,,,,,,,,,,,
17,34349,,,,,,,,,,,,,,,,,,,9.999999747378752e-05,9.999999747378752e-05,4.04070533477352e-06,,,,,,,,,,,,,,,,,,,,,,,,,,,,,
17,34399,,,,,,,,,,,,,,,,,,,9.999999747378752e-05,9.999999747378752e-05,4.04070533477352e-06,,,,,,,,,,,,,,,,,,,,,,,,,,,,,
17,34449,,,,,,,,,,,,,,,,,,,9.999999747378752e-05,9.999999747378752e-05,4.04070533477352e-06,,,,,,,,,,,,,,,,,,,,,,,,,,,,,
17,34499,,,,,,,,,,,,,,,,,,,9.999999747378752e-05,9.999999747378752e-05,4.04070533477352e-06,,,,,,,,,,,,,,,,,,,,,,,,,,,,,
17,34549,,,,,,,,,,,,,,,,,,,9.999999747378752e-05,9.999999747378752e-05,4.04070533477352e-06,,,,,,,,,,,,,,,,,,,,,,,,,,,,,
17,34599,,,,,,,,,,,,,,,,,,,9.999999747378752e-05,9.999999747378752e-05,4.04070533477352e-06,,,,,,,,,,,,,,,,,,,,,,,,,,,,,
17,34649,,,,,,,,,,,,,,,,,,,9.999999747378752e-05,9.999999747378752e-05,4.04070533477352e-06,,,,,,,,,,,,,,,,,,,,,,,,,,,,,
17,34699,,,,,,,,,,,,,,,,,,,9.999999747378752e-05,9.999999747378752e-05,4.04070533477352e-06,,,,,,,,,,,,,,,,,,,,,,,,,,,,,
17,34749,,,,,,,,,,,,,,,,,,,9.999999747378752e-05,9.999999747378752e-05,4.04070533477352e-06,,,,,,,,,,,,,,,,,,,,,,,,,,,,,
17,34799,,,,,,,,,,,,,,,,,,,9.999999747378752e-05,9.999999747378752e-05,4.04070533477352e-06,,,,,,,,,,,,,,,,,,,,,,,,,,,,,
17,34849,,,,,,,,,,,,,,,,,,,9.999999747378752e-05,9.999999747378752e-05,4.04070533477352e-06,,,,,,,,,,,,,,,,,,,,,,,,,,,,,
17,34899,,,,,,,,,,,,,,,,,,,9.999999747378752e-05,9.999999747378752e-05,4.04070533477352e-06,,,,,,,,,,,,,,,,,,,,,,,,,,,,,
17,34949,,,,,,,,,,,,,,,,,,,9.999999747378752e-05,9.999999747378752e-05,4.04070533477352e-06,,,,,,,,,,,,,,,,,,,,,,,,,,,,,
17,34999,,,,,,,,,,,,,,,,,,,9.999999747378752e-05,9.999999747378752e-05,4.04070533477352e-06,,,,,,,,,,,,,,,,,,,,,,,,,,,,,
17,35049,,,,,,,,,,,,,,,,,,,9.999999747378752e-05,9.999999747378752e-05,4.04070533477352e-06,,,,,,,,,,,,,,,,,,,,,,,,,,,,,
17,35099,,,,,,,,,,,,,,,,,,,9.999999747378752e-05,9.999999747378752e-05,4.04070533477352e-06,,,,,,,,,,,,,,,,,,,,,,,,,,,,,
17,35149,,,,,,,,,,,,,,,,,,,9.999999747378752e-05,9.999999747378752e-05,4.04070533477352e-06,,,,,,,,,,,,,,,,,,,,,,,,,,,,,
17,35199,,,,,,,,,,,,,,,,,,,9.999999747378752e-05,9.999999747378752e-05,4.04070533477352e-06,,,,,,,,,,,,,,,,,,,,,,,,,,,,,
17,35225,,,,,,,,,,,,,,,,,,,,,,0.32289737462997437,0.6618415713310242,0.862504243850708,0.9495052695274353,0.8556806445121765,0.9955646395683289,-5.206000963653423e-09,0.6624166369438171,0.34183409810066223,0.5283520817756653,6.6994218826293945,0.05794951319694519,0.05804797261953354,0.05762174353003502,0.0649324506521225,0.7409653663635254,0.7679526805877686,0.7447763681411743,0.7900052666664124,0.30395594239234924,0.3029305338859558,0.30331793427467346,0.32127752900123596,0.6461963057518005,0.32289737462997437,0.27339643239974976,0.5202463865280151,0.7573038935661316,0.5877521634101868
17,35225,12.546690940856934,11.718830108642578,12.401954650878906,11.585782051086426,0.0766478180885315,6.515081882476807,0.052437882870435715,0.05327676236629486,0.05296304449439049,0.06375689804553986,0.7067374587059021,0.7324866056442261,0.7098236680030823,0.757266104221344,0.30355319380760193,0.30559101700782776,0.3048771321773529,0.33427920937538147,,,,,,,,,,,,,,,,,,,,,,,,,,,,,,,,
18,35249,,,,,,,,,,,,,,,,,,,9.999999747378752e-05,9.999999747378752e-05,4.04070533477352e-06,,,,,,,,,,,,,,,,,,,,,,,,,,,,,
18,35299,,,,,,,,,,,,,,,,,,,9.999999747378752e-05,9.999999747378752e-05,4.04070533477352e-06,,,,,,,,,,,,,,,,,,,,,,,,,,,,,
18,35349,,,,,,,,,,,,,,,,,,,9.999999747378752e-05,9.999999747378752e-05,4.04070533477352e-06,,,,,,,,,,,,,,,,,,,,,,,,,,,,,
18,35399,,,,,,,,,,,,,,,,,,,9.999999747378752e-05,9.999999747378752e-05,4.04070533477352e-06,,,,,,,,,,,,,,,,,,,,,,,,,,,,,
18,35449,,,,,,,,,,,,,,,,,,,9.999999747378752e-05,9.999999747378752e-05,4.04070533477352e-06,,,,,,,,,,,,,,,,,,,,,,,,,,,,,
18,35499,,,,,,,,,,,,,,,,,,,9.999999747378752e-05,9.999999747378752e-05,4.04070533477352e-06,,,,,,,,,,,,,,,,,,,,,,,,,,,,,
18,35549,,,,,,,,,,,,,,,,,,,9.999999747378752e-05,9.999999747378752e-05,4.04070533477352e-06,,,,,,,,,,,,,,,,,,,,,,,,,,,,,
18,35599,,,,,,,,,,,,,,,,,,,9.999999747378752e-05,9.999999747378752e-05,4.04070533477352e-06,,,,,,,,,,,,,,,,,,,,,,,,,,,,,
18,35649,,,,,,,,,,,,,,,,,,,9.999999747378752e-05,9.999999747378752e-05,4.04070533477352e-06,,,,,,,,,,,,,,,,,,,,,,,,,,,,,
18,35699,,,,,,,,,,,,,,,,,,,9.999999747378752e-05,9.999999747378752e-05,4.04070533477352e-06,,,,,,,,,,,,,,,,,,,,,,,,,,,,,
18,35749,,,,,,,,,,,,,,,,,,,9.999999747378752e-05,9.999999747378752e-05,4.04070533477352e-06,,,,,,,,,,,,,,,,,,,,,,,,,,,,,
18,35799,,,,,,,,,,,,,,,,,,,9.999999747378752e-05,9.999999747378752e-05,4.04070533477352e-06,,,,,,,,,,,,,,,,,,,,,,,,,,,,,
18,35849,,,,,,,,,,,,,,,,,,,9.999999747378752e-05,9.999999747378752e-05,4.04070533477352e-06,,,,,,,,,,,,,,,,,,,,,,,,,,,,,
18,35899,,,,,,,,,,,,,,,,,,,9.999999747378752e-05,9.999999747378752e-05,4.04070533477352e-06,,,,,,,,,,,,,,,,,,,,,,,,,,,,,
18,35949,,,,,,,,,,,,,,,,,,,9.999999747378752e-05,9.999999747378752e-05,4.04070533477352e-06,,,,,,,,,,,,,,,,,,,,,,,,,,,,,
18,35999,,,,,,,,,,,,,,,,,,,9.999999747378752e-05,9.999999747378752e-05,4.04070533477352e-06,,,,,,,,,,,,,,,,,,,,,,,,,,,,,
18,36049,,,,,,,,,,,,,,,,,,,9.999999747378752e-05,9.999999747378752e-05,4.04070533477352e-06,,,,,,,,,,,,,,,,,,,,,,,,,,,,,
18,36099,,,,,,,,,,,,,,,,,,,9.999999747378752e-05,9.999999747378752e-05,4.04070533477352e-06,,,,,,,,,,,,,,,,,,,,,,,,,,,,,
18,36149,,,,,,,,,,,,,,,,,,,9.999999747378752e-05,9.999999747378752e-05,4.04070533477352e-06,,,,,,,,,,,,,,,,,,,,,,,,,,,,,
18,36199,,,,,,,,,,,,,,,,,,,9.999999747378752e-05,9.999999747378752e-05,4.04070533477352e-06,,,,,,,,,,,,,,,,,,,,,,,,,,,,,
18,36249,,,,,,,,,,,,,,,,,,,9.999999747378752e-05,9.999999747378752e-05,4.04070533477352e-06,,,,,,,,,,,,,,,,,,,,,,,,,,,,,
18,36299,,,,,,,,,,,,,,,,,,,9.999999747378752e-05,9.999999747378752e-05,4.04070533477352e-06,,,,,,,,,,,,,,,,,,,,,,,,,,,,,
18,36349,,,,,,,,,,,,,,,,,,,9.999999747378752e-05,9.999999747378752e-05,4.04070533477352e-06,,,,,,,,,,,,,,,,,,,,,,,,,,,,,
18,36399,,,,,,,,,,,,,,,,,,,9.999999747378752e-05,9.999999747378752e-05,4.04070533477352e-06,,,,,,,,,,,,,,,,,,,,,,,,,,,,,
18,36449,,,,,,,,,,,,,,,,,,,9.999999747378752e-05,9.999999747378752e-05,4.04070533477352e-06,,,,,,,,,,,,,,,,,,,,,,,,,,,,,
18,36499,,,,,,,,,,,,,,,,,,,9.999999747378752e-05,9.999999747378752e-05,4.04070533477352e-06,,,,,,,,,,,,,,,,,,,,,,,,,,,,,
18,36549,,,,,,,,,,,,,,,,,,,9.999999747378752e-05,9.999999747378752e-05,4.04070533477352e-06,,,,,,,,,,,,,,,,,,,,,,,,,,,,,
18,36599,,,,,,,,,,,,,,,,,,,9.999999747378752e-05,9.999999747378752e-05,4.04070533477352e-06,,,,,,,,,,,,,,,,,,,,,,,,,,,,,
18,36649,,,,,,,,,,,,,,,,,,,9.999999747378752e-05,9.999999747378752e-05,4.04070533477352e-06,,,,,,,,,,,,,,,,,,,,,,,,,,,,,
18,36699,,,,,,,,,,,,,,,,,,,9.999999747378752e-05,9.999999747378752e-05,4.04070533477352e-06,,,,,,,,,,,,,,,,,,,,,,,,,,,,,
18,36749,,,,,,,,,,,,,,,,,,,9.999999747378752e-05,9.999999747378752e-05,4.04070533477352e-06,,,,,,,,,,,,,,,,,,,,,,,,,,,,,
18,36799,,,,,,,,,,,,,,,,,,,9.999999747378752e-05,9.999999747378752e-05,4.04070533477352e-06,,,,,,,,,,,,,,,,,,,,,,,,,,,,,
18,36849,,,,,,,,,,,,,,,,,,,9.999999747378752e-05,9.999999747378752e-05,4.04070533477352e-06,,,,,,,,,,,,,,,,,,,,,,,,,,,,,
18,36899,,,,,,,,,,,,,,,,,,,9.999999747378752e-05,9.999999747378752e-05,4.04070533477352e-06,,,,,,,,,,,,,,,,,,,,,,,,,,,,,
18,36949,,,,,,,,,,,,,,,,,,,9.999999747378752e-05,9.999999747378752e-05,4.04070533477352e-06,,,,,,,,,,,,,,,,,,,,,,,,,,,,,
18,36999,,,,,,,,,,,,,,,,,,,9.999999747378752e-05,9.999999747378752e-05,4.04070533477352e-06,,,,,,,,,,,,,,,,,,,,,,,,,,,,,
18,37049,,,,,,,,,,,,,,,,,,,9.999999747378752e-05,9.999999747378752e-05,4.04070533477352e-06,,,,,,,,,,,,,,,,,,,,,,,,,,,,,
18,37099,,,,,,,,,,,,,,,,,,,9.999999747378752e-05,9.999999747378752e-05,4.04070533477352e-06,,,,,,,,,,,,,,,,,,,,,,,,,,,,,
18,37149,,,,,,,,,,,,,,,,,,,9.999999747378752e-05,9.999999747378752e-05,4.04070533477352e-06,,,,,,,,,,,,,,,,,,,,,,,,,,,,,
18,37182,,,,,,,,,,,,,,,,,,,,,,0.3329598307609558,0.6679347157478333,0.8805868029594421,0.9198225736618042,0.8618218898773193,0.9303991794586182,-5.206000963653423e-09,0.6647350192070007,0.3479554355144501,0.5304052829742432,6.674054145812988,0.059650834649801254,0.05959079787135124,0.05962199345231056,0.06680100411176682,0.7257528901100159,0.7505786418914795,0.7283029556274414,0.7700987458229065,0.301991730928421,0.30332207679748535,0.3030991554260254,0.327085942029953,0.6513780951499939,0.3329598307609558,0.28975313901901245,0.5191572904586792,0.7602552175521851,0.5956079363822937
18,37182,12.644673347473145,11.749297142028809,12.540176391601562,11.606860160827637,0.03832380473613739,6.480795383453369,0.05219864472746849,0.0532788410782814,0.052571140229701996,0.06338530033826828,0.7014841437339783,0.7278237342834473,0.7057431936264038,0.7544897794723511,0.30212169885635376,0.30444592237472534,0.302802711725235,0.3326776325702667,,,,,,,,,,,,,,,,,,,,,,,,,,,,,,,,
19,37199,,,,,,,,,,,,,,,,,,,9.999999747378752e-05,9.999999747378752e-05,4.04070533477352e-06,,,,,,,,,,,,,,,,,,,,,,,,,,,,,
19,37249,,,,,,,,,,,,,,,,,,,9.999999747378752e-05,9.999999747378752e-05,4.04070533477352e-06,,,,,,,,,,,,,,,,,,,,,,,,,,,,,
19,37299,,,,,,,,,,,,,,,,,,,9.999999747378752e-05,9.999999747378752e-05,4.04070533477352e-06,,,,,,,,,,,,,,,,,,,,,,,,,,,,,
19,37349,,,,,,,,,,,,,,,,,,,9.999999747378752e-05,9.999999747378752e-05,4.04070533477352e-06,,,,,,,,,,,,,,,,,,,,,,,,,,,,,
19,37399,,,,,,,,,,,,,,,,,,,9.999999747378752e-05,9.999999747378752e-05,4.04070533477352e-06,,,,,,,,,,,,,,,,,,,,,,,,,,,,,
19,37449,,,,,,,,,,,,,,,,,,,9.999999747378752e-05,9.999999747378752e-05,4.04070533477352e-06,,,,,,,,,,,,,,,,,,,,,,,,,,,,,
19,37499,,,,,,,,,,,,,,,,,,,9.999999747378752e-05,9.999999747378752e-05,4.04070533477352e-06,,,,,,,,,,,,,,,,,,,,,,,,,,,,,
19,37549,,,,,,,,,,,,,,,,,,,9.999999747378752e-05,9.999999747378752e-05,4.04070533477352e-06,,,,,,,,,,,,,,,,,,,,,,,,,,,,,
19,37599,,,,,,,,,,,,,,,,,,,9.999999747378752e-05,9.999999747378752e-05,4.04070533477352e-06,,,,,,,,,,,,,,,,,,,,,,,,,,,,,
19,37649,,,,,,,,,,,,,,,,,,,9.999999747378752e-05,9.999999747378752e-05,4.04070533477352e-06,,,,,,,,,,,,,,,,,,,,,,,,,,,,,
19,37699,,,,,,,,,,,,,,,,,,,9.999999747378752e-05,9.999999747378752e-05,4.04070533477352e-06,,,,,,,,,,,,,,,,,,,,,,,,,,,,,
19,37749,,,,,,,,,,,,,,,,,,,9.999999747378752e-05,9.999999747378752e-05,4.04070533477352e-06,,,,,,,,,,,,,,,,,,,,,,,,,,,,,
19,37799,,,,,,,,,,,,,,,,,,,9.999999747378752e-05,9.999999747378752e-05,4.04070533477352e-06,,,,,,,,,,,,,,,,,,,,,,,,,,,,,
19,37849,,,,,,,,,,,,,,,,,,,9.999999747378752e-05,9.999999747378752e-05,4.04070533477352e-06,,,,,,,,,,,,,,,,,,,,,,,,,,,,,
19,37899,,,,,,,,,,,,,,,,,,,9.999999747378752e-05,9.999999747378752e-05,4.04070533477352e-06,,,,,,,,,,,,,,,,,,,,,,,,,,,,,
19,37949,,,,,,,,,,,,,,,,,,,9.999999747378752e-05,9.999999747378752e-05,4.04070533477352e-06,,,,,,,,,,,,,,,,,,,,,,,,,,,,,
19,37999,,,,,,,,,,,,,,,,,,,9.999999747378752e-05,9.999999747378752e-05,4.04070533477352e-06,,,,,,,,,,,,,,,,,,,,,,,,,,,,,
19,38049,,,,,,,,,,,,,,,,,,,9.999999747378752e-05,9.999999747378752e-05,4.04070533477352e-06,,,,,,,,,,,,,,,,,,,,,,,,,,,,,
19,38099,,,,,,,,,,,,,,,,,,,9.999999747378752e-05,9.999999747378752e-05,4.04070533477352e-06,,,,,,,,,,,,,,,,,,,,,,,,,,,,,
19,38149,,,,,,,,,,,,,,,,,,,9.999999747378752e-05,9.999999747378752e-05,4.04070533477352e-06,,,,,,,,,,,,,,,,,,,,,,,,,,,,,
19,38199,,,,,,,,,,,,,,,,,,,9.999999747378752e-05,9.999999747378752e-05,4.04070533477352e-06,,,,,,,,,,,,,,,,,,,,,,,,,,,,,
19,38249,,,,,,,,,,,,,,,,,,,9.999999747378752e-05,9.999999747378752e-05,4.04070533477352e-06,,,,,,,,,,,,,,,,,,,,,,,,,,,,,
19,38299,,,,,,,,,,,,,,,,,,,9.999999747378752e-05,9.999999747378752e-05,4.04070533477352e-06,,,,,,,,,,,,,,,,,,,,,,,,,,,,,
19,38349,,,,,,,,,,,,,,,,,,,9.999999747378752e-05,9.999999747378752e-05,4.04070533477352e-06,,,,,,,,,,,,,,,,,,,,,,,,,,,,,
19,38399,,,,,,,,,,,,,,,,,,,9.999999747378752e-05,9.999999747378752e-05,4.04070533477352e-06,,,,,,,,,,,,,,,,,,,,,,,,,,,,,
19,38449,,,,,,,,,,,,,,,,,,,9.999999747378752e-05,9.999999747378752e-05,4.04070533477352e-06,,,,,,,,,,,,,,,,,,,,,,,,,,,,,
19,38499,,,,,,,,,,,,,,,,,,,9.999999747378752e-05,9.999999747378752e-05,4.04070533477352e-06,,,,,,,,,,,,,,,,,,,,,,,,,,,,,
19,38549,,,,,,,,,,,,,,,,,,,9.999999747378752e-05,9.999999747378752e-05,4.04070533477352e-06,,,,,,,,,,,,,,,,,,,,,,,,,,,,,
19,38599,,,,,,,,,,,,,,,,,,,9.999999747378752e-05,9.999999747378752e-05,4.04070533477352e-06,,,,,,,,,,,,,,,,,,,,,,,,,,,,,
19,38649,,,,,,,,,,,,,,,,,,,9.999999747378752e-05,9.999999747378752e-05,4.04070533477352e-06,,,,,,,,,,,,,,,,,,,,,,,,,,,,,
19,38699,,,,,,,,,,,,,,,,,,,9.999999747378752e-05,9.999999747378752e-05,4.04070533477352e-06,,,,,,,,,,,,,,,,,,,,,,,,,,,,,
19,38749,,,,,,,,,,,,,,,,,,,9.999999747378752e-05,9.999999747378752e-05,4.04070533477352e-06,,,,,,,,,,,,,,,,,,,,,,,,,,,,,
19,38799,,,,,,,,,,,,,,,,,,,9.999999747378752e-05,9.999999747378752e-05,4.04070533477352e-06,,,,,,,,,,,,,,,,,,,,,,,,,,,,,
19,38849,,,,,,,,,,,,,,,,,,,9.999999747378752e-05,9.999999747378752e-05,4.04070533477352e-06,,,,,,,,,,,,,,,,,,,,,,,,,,,,,
19,38899,,,,,,,,,,,,,,,,,,,9.999999747378752e-05,9.999999747378752e-05,4.04070533477352e-06,,,,,,,,,,,,,,,,,,,,,,,,,,,,,
19,38949,,,,,,,,,,,,,,,,,,,9.999999747378752e-05,9.999999747378752e-05,4.04070533477352e-06,,,,,,,,,,,,,,,,,,,,,,,,,,,,,
19,38999,,,,,,,,,,,,,,,,,,,9.999999747378752e-05,9.999999747378752e-05,4.04070533477352e-06,,,,,,,,,,,,,,,,,,,,,,,,,,,,,
19,39049,,,,,,,,,,,,,,,,,,,9.999999747378752e-05,9.999999747378752e-05,4.04070533477352e-06,,,,,,,,,,,,,,,,,,,,,,,,,,,,,
19,39099,,,,,,,,,,,,,,,,,,,9.999999747378752e-05,9.999999747378752e-05,4.04070533477352e-06,,,,,,,,,,,,,,,,,,,,,,,,,,,,,
19,39139,,,,,,,,,,,,,,,,,,,,,,0.33097025752067566,0.6595765948295593,0.9201637506484985,0.9413169622421265,0.9095871448516846,0.9740703105926514,-5.206000963653423e-09,0.667186439037323,0.35045456886291504,0.5249955654144287,6.684071063995361,0.05740799009799957,0.0592040978372097,0.057882361114025116,0.06966773420572281,0.7336454391479492,0.753179132938385,0.7379307150840759,0.7751078605651855,0.3001565635204315,0.3030136823654175,0.30097496509552,0.32755279541015625,0.6440143585205078,0.33097025752067566,0.29315412044525146,0.5039100050926208,0.7528630495071411,0.5868594646453857
19,39139,12.960206985473633,12.199092864990234,12.916007041931152,12.149016380310059,0.012774392031133175,6.415188789367676,0.05224078148603439,0.053332481533288956,0.052568480372428894,0.06323172897100449,0.6922197341918945,0.7158901691436768,0.6960644721984863,0.7428390383720398,0.29973018169403076,0.30185988545417786,0.30023321509361267,0.3288259208202362,,,,,,,,,,,,,,,,,,,,,,,,,,,,,,,,
20,39149,,,,,,,,,,,,,,,,,,,9.999999747378752e-05,9.999999747378752e-05,4.04070533477352e-06,,,,,,,,,,,,,,,,,,,,,,,,,,,,,
20,39199,,,,,,,,,,,,,,,,,,,9.999999747378752e-05,9.999999747378752e-05,4.04070533477352e-06,,,,,,,,,,,,,,,,,,,,,,,,,,,,,
20,39249,,,,,,,,,,,,,,,,,,,9.999999747378752e-05,9.999999747378752e-05,4.04070533477352e-06,,,,,,,,,,,,,,,,,,,,,,,,,,,,,
20,39299,,,,,,,,,,,,,,,,,,,9.999999747378752e-05,9.999999747378752e-05,4.04070533477352e-06,,,,,,,,,,,,,,,,,,,,,,,,,,,,,
20,39349,,,,,,,,,,,,,,,,,,,9.999999747378752e-05,9.999999747378752e-05,4.04070533477352e-06,,,,,,,,,,,,,,,,,,,,,,,,,,,,,
20,39399,,,,,,,,,,,,,,,,,,,9.999999747378752e-05,9.999999747378752e-05,4.04070533477352e-06,,,,,,,,,,,,,,,,,,,,,,,,,,,,,
20,39449,,,,,,,,,,,,,,,,,,,9.999999747378752e-05,9.999999747378752e-05,4.04070533477352e-06,,,,,,,,,,,,,,,,,,,,,,,,,,,,,
20,39499,,,,,,,,,,,,,,,,,,,9.999999747378752e-05,9.999999747378752e-05,4.04070533477352e-06,,,,,,,,,,,,,,,,,,,,,,,,,,,,,
20,39549,,,,,,,,,,,,,,,,,,,9.999999747378752e-05,9.999999747378752e-05,4.04070533477352e-06,,,,,,,,,,,,,,,,,,,,,,,,,,,,,
20,39599,,,,,,,,,,,,,,,,,,,9.999999747378752e-05,9.999999747378752e-05,4.04070533477352e-06,,,,,,,,,,,,,,,,,,,,,,,,,,,,,
20,39649,,,,,,,,,,,,,,,,,,,9.999999747378752e-05,9.999999747378752e-05,4.04070533477352e-06,,,,,,,,,,,,,,,,,,,,,,,,,,,,,
20,39699,,,,,,,,,,,,,,,,,,,9.999999747378752e-05,9.999999747378752e-05,4.04070533477352e-06,,,,,,,,,,,,,,,,,,,,,,,,,,,,,
20,39749,,,,,,,,,,,,,,,,,,,9.999999747378752e-05,9.999999747378752e-05,4.04070533477352e-06,,,,,,,,,,,,,,,,,,,,,,,,,,,,,
20,39799,,,,,,,,,,,,,,,,,,,9.999999747378752e-05,9.999999747378752e-05,4.04070533477352e-06,,,,,,,,,,,,,,,,,,,,,,,,,,,,,
20,39849,,,,,,,,,,,,,,,,,,,9.999999747378752e-05,9.999999747378752e-05,4.04070533477352e-06,,,,,,,,,,,,,,,,,,,,,,,,,,,,,
20,39899,,,,,,,,,,,,,,,,,,,9.999999747378752e-05,9.999999747378752e-05,4.04070533477352e-06,,,,,,,,,,,,,,,,,,,,,,,,,,,,,
20,39949,,,,,,,,,,,,,,,,,,,9.999999747378752e-05,9.999999747378752e-05,4.04070533477352e-06,,,,,,,,,,,,,,,,,,,,,,,,,,,,,
20,39999,,,,,,,,,,,,,,,,,,,9.999999747378752e-05,9.999999747378752e-05,4.04070533477352e-06,,,,,,,,,,,,,,,,,,,,,,,,,,,,,
20,40049,,,,,,,,,,,,,,,,,,,9.999999747378752e-05,9.999999747378752e-05,4.04070533477352e-06,,,,,,,,,,,,,,,,,,,,,,,,,,,,,
20,40099,,,,,,,,,,,,,,,,,,,9.999999747378752e-05,9.999999747378752e-05,4.04070533477352e-06,,,,,,,,,,,,,,,,,,,,,,,,,,,,,
20,40149,,,,,,,,,,,,,,,,,,,9.999999747378752e-05,9.999999747378752e-05,4.04070533477352e-06,,,,,,,,,,,,,,,,,,,,,,,,,,,,,
20,40199,,,,,,,,,,,,,,,,,,,9.999999747378752e-05,9.999999747378752e-05,4.04070533477352e-06,,,,,,,,,,,,,,,,,,,,,,,,,,,,,
20,40249,,,,,,,,,,,,,,,,,,,9.999999747378752e-05,9.999999747378752e-05,4.04070533477352e-06,,,,,,,,,,,,,,,,,,,,,,,,,,,,,
20,40299,,,,,,,,,,,,,,,,,,,9.999999747378752e-05,9.999999747378752e-05,4.04070533477352e-06,,,,,,,,,,,,,,,,,,,,,,,,,,,,,
20,40349,,,,,,,,,,,,,,,,,,,9.999999747378752e-05,9.999999747378752e-05,4.04070533477352e-06,,,,,,,,,,,,,,,,,,,,,,,,,,,,,
20,40399,,,,,,,,,,,,,,,,,,,9.999999747378752e-05,9.999999747378752e-05,4.04070533477352e-06,,,,,,,,,,,,,,,,,,,,,,,,,,,,,
20,40449,,,,,,,,,,,,,,,,,,,9.999999747378752e-05,9.999999747378752e-05,4.04070533477352e-06,,,,,,,,,,,,,,,,,,,,,,,,,,,,,
20,40499,,,,,,,,,,,,,,,,,,,9.999999747378752e-05,9.999999747378752e-05,4.04070533477352e-06,,,,,,,,,,,,,,,,,,,,,,,,,,,,,
20,40549,,,,,,,,,,,,,,,,,,,9.999999747378752e-05,9.999999747378752e-05,4.04070533477352e-06,,,,,,,,,,,,,,,,,,,,,,,,,,,,,
20,40599,,,,,,,,,,,,,,,,,,,9.999999747378752e-05,9.999999747378752e-05,4.04070533477352e-06,,,,,,,,,,,,,,,,,,,,,,,,,,,,,
20,40649,,,,,,,,,,,,,,,,,,,9.999999747378752e-05,9.999999747378752e-05,4.04070533477352e-06,,,,,,,,,,,,,,,,,,,,,,,,,,,,,
20,40699,,,,,,,,,,,,,,,,,,,9.999999747378752e-05,9.999999747378752e-05,4.04070533477352e-06,,,,,,,,,,,,,,,,,,,,,,,,,,,,,
20,40749,,,,,,,,,,,,,,,,,,,9.999999747378752e-05,9.999999747378752e-05,4.04070533477352e-06,,,,,,,,,,,,,,,,,,,,,,,,,,,,,
20,40799,,,,,,,,,,,,,,,,,,,9.999999747378752e-05,9.999999747378752e-05,4.04070533477352e-06,,,,,,,,,,,,,,,,,,,,,,,,,,,,,
20,40849,,,,,,,,,,,,,,,,,,,9.999999747378752e-05,9.999999747378752e-05,4.04070533477352e-06,,,,,,,,,,,,,,,,,,,,,,,,,,,,,
20,40899,,,,,,,,,,,,,,,,,,,9.999999747378752e-05,9.999999747378752e-05,4.04070533477352e-06,,,,,,,,,,,,,,,,,,,,,,,,,,,,,
20,40949,,,,,,,,,,,,,,,,,,,9.999999747378752e-05,9.999999747378752e-05,4.04070533477352e-06,,,,,,,,,,,,,,,,,,,,,,,,,,,,,
20,40999,,,,,,,,,,,,,,,,,,,9.999999747378752e-05,9.999999747378752e-05,4.04070533477352e-06,,,,,,,,,,,,,,,,,,,,,,,,,,,,,
20,41049,,,,,,,,,,,,,,,,,,,9.999999747378752e-05,9.999999747378752e-05,4.04070533477352e-06,,,,,,,,,,,,,,,,,,,,,,,,,,,,,
20,41096,,,,,,,,,,,,,,,,,,,,,,0.3364763855934143,0.6726520657539368,0.8297509551048279,0.8727396726608276,0.8294097781181335,0.8973046541213989,-5.206000963653423e-09,0.6714328527450562,0.3537723422050476,0.5290305018424988,6.685732841491699,0.060372333973646164,0.059572044759988785,0.059797585010528564,0.06756100058555603,0.7199174761772156,0.7477350234985352,0.7277632355690002,0.7643676400184631,0.305433988571167,0.30459651350975037,0.3046222925186157,0.33006131649017334,0.6573482751846313,0.3364763855934143,0.29951727390289307,0.5121228098869324,0.7731910943984985,0.5952508449554443
20,41096,12.969595909118652,12.265776634216309,12.929547309875488,12.213528633117676,0.08942252397537231,6.377048969268799,0.05128035321831703,0.05241979658603668,0.05157674103975296,0.06285049766302109,0.6962825655937195,0.7189908623695374,0.6999874114990234,0.7410632371902466,0.2953489124774933,0.29771357774734497,0.2961467504501343,0.3258384168148041,,,,,,,,,,,,,,,,,,,,,,,,,,,,,,,,
21,41099,,,,,,,,,,,,,,,,,,,9.999999747378752e-05,9.999999747378752e-05,4.04070533477352e-06,,,,,,,,,,,,,,,,,,,,,,,,,,,,,
21,41149,,,,,,,,,,,,,,,,,,,9.999999747378752e-05,9.999999747378752e-05,4.04070533477352e-06,,,,,,,,,,,,,,,,,,,,,,,,,,,,,
21,41199,,,,,,,,,,,,,,,,,,,9.999999747378752e-05,9.999999747378752e-05,4.04070533477352e-06,,,,,,,,,,,,,,,,,,,,,,,,,,,,,
21,41249,,,,,,,,,,,,,,,,,,,9.999999747378752e-05,9.999999747378752e-05,4.04070533477352e-06,,,,,,,,,,,,,,,,,,,,,,,,,,,,,
21,41299,,,,,,,,,,,,,,,,,,,9.999999747378752e-05,9.999999747378752e-05,4.04070533477352e-06,,,,,,,,,,,,,,,,,,,,,,,,,,,,,
21,41349,,,,,,,,,,,,,,,,,,,9.999999747378752e-05,9.999999747378752e-05,4.04070533477352e-06,,,,,,,,,,,,,,,,,,,,,,,,,,,,,
21,41399,,,,,,,,,,,,,,,,,,,9.999999747378752e-05,9.999999747378752e-05,4.04070533477352e-06,,,,,,,,,,,,,,,,,,,,,,,,,,,,,
21,41449,,,,,,,,,,,,,,,,,,,9.999999747378752e-05,9.999999747378752e-05,4.04070533477352e-06,,,,,,,,,,,,,,,,,,,,,,,,,,,,,
21,41499,,,,,,,,,,,,,,,,,,,9.999999747378752e-05,9.999999747378752e-05,4.04070533477352e-06,,,,,,,,,,,,,,,,,,,,,,,,,,,,,
21,41549,,,,,,,,,,,,,,,,,,,9.999999747378752e-05,9.999999747378752e-05,4.04070533477352e-06,,,,,,,,,,,,,,,,,,,,,,,,,,,,,
21,41599,,,,,,,,,,,,,,,,,,,9.999999747378752e-05,9.999999747378752e-05,4.04070533477352e-06,,,,,,,,,,,,,,,,,,,,,,,,,,,,,
21,41649,,,,,,,,,,,,,,,,,,,9.999999747378752e-05,9.999999747378752e-05,4.04070533477352e-06,,,,,,,,,,,,,,,,,,,,,,,,,,,,,
21,41699,,,,,,,,,,,,,,,,,,,9.999999747378752e-05,9.999999747378752e-05,4.04070533477352e-06,,,,,,,,,,,,,,,,,,,,,,,,,,,,,
21,41749,,,,,,,,,,,,,,,,,,,9.999999747378752e-05,9.999999747378752e-05,4.04070533477352e-06,,,,,,,,,,,,,,,,,,,,,,,,,,,,,
21,41799,,,,,,,,,,,,,,,,,,,9.999999747378752e-05,9.999999747378752e-05,4.04070533477352e-06,,,,,,,,,,,,,,,,,,,,,,,,,,,,,
21,41849,,,,,,,,,,,,,,,,,,,9.999999747378752e-05,9.999999747378752e-05,4.04070533477352e-06,,,,,,,,,,,,,,,,,,,,,,,,,,,,,
21,41899,,,,,,,,,,,,,,,,,,,9.999999747378752e-05,9.999999747378752e-05,4.04070533477352e-06,,,,,,,,,,,,,,,,,,,,,,,,,,,,,
21,41949,,,,,,,,,,,,,,,,,,,9.999999747378752e-05,9.999999747378752e-05,4.04070533477352e-06,,,,,,,,,,,,,,,,,,,,,,,,,,,,,
21,41999,,,,,,,,,,,,,,,,,,,9.999999747378752e-05,9.999999747378752e-05,4.04070533477352e-06,,,,,,,,,,,,,,,,,,,,,,,,,,,,,
21,42049,,,,,,,,,,,,,,,,,,,9.999999747378752e-05,9.999999747378752e-05,4.04070533477352e-06,,,,,,,,,,,,,,,,,,,,,,,,,,,,,
21,42099,,,,,,,,,,,,,,,,,,,9.999999747378752e-05,9.999999747378752e-05,4.04070533477352e-06,,,,,,,,,,,,,,,,,,,,,,,,,,,,,
21,42149,,,,,,,,,,,,,,,,,,,9.999999747378752e-05,9.999999747378752e-05,4.04070533477352e-06,,,,,,,,,,,,,,,,,,,,,,,,,,,,,
21,42199,,,,,,,,,,,,,,,,,,,9.999999747378752e-05,9.999999747378752e-05,4.04070533477352e-06,,,,,,,,,,,,,,,,,,,,,,,,,,,,,
21,42249,,,,,,,,,,,,,,,,,,,9.999999747378752e-05,9.999999747378752e-05,4.04070533477352e-06,,,,,,,,,,,,,,,,,,,,,,,,,,,,,
21,42299,,,,,,,,,,,,,,,,,,,9.999999747378752e-05,9.999999747378752e-05,4.04070533477352e-06,,,,,,,,,,,,,,,,,,,,,,,,,,,,,
21,42349,,,,,,,,,,,,,,,,,,,9.999999747378752e-05,9.999999747378752e-05,4.04070533477352e-06,,,,,,,,,,,,,,,,,,,,,,,,,,,,,
21,42399,,,,,,,,,,,,,,,,,,,9.999999747378752e-05,9.999999747378752e-05,4.04070533477352e-06,,,,,,,,,,,,,,,,,,,,,,,,,,,,,
21,42449,,,,,,,,,,,,,,,,,,,9.999999747378752e-05,9.999999747378752e-05,4.04070533477352e-06,,,,,,,,,,,,,,,,,,,,,,,,,,,,,
21,42499,,,,,,,,,,,,,,,,,,,9.999999747378752e-05,9.999999747378752e-05,4.04070533477352e-06,,,,,,,,,,,,,,,,,,,,,,,,,,,,,
21,42549,,,,,,,,,,,,,,,,,,,9.999999747378752e-05,9.999999747378752e-05,4.04070533477352e-06,,,,,,,,,,,,,,,,,,,,,,,,,,,,,
21,42599,,,,,,,,,,,,,,,,,,,9.999999747378752e-05,9.999999747378752e-05,4.04070533477352e-06,,,,,,,,,,,,,,,,,,,,,,,,,,,,,
21,42649,,,,,,,,,,,,,,,,,,,9.999999747378752e-05,9.999999747378752e-05,4.04070533477352e-06,,,,,,,,,,,,,,,,,,,,,,,,,,,,,
21,42699,,,,,,,,,,,,,,,,,,,9.999999747378752e-05,9.999999747378752e-05,4.04070533477352e-06,,,,,,,,,,,,,,,,,,,,,,,,,,,,,
21,42749,,,,,,,,,,,,,,,,,,,9.999999747378752e-05,9.999999747378752e-05,4.04070533477352e-06,,,,,,,,,,,,,,,,,,,,,,,,,,,,,
21,42799,,,,,,,,,,,,,,,,,,,9.999999747378752e-05,9.999999747378752e-05,4.04070533477352e-06,,,,,,,,,,,,,,,,,,,,,,,,,,,,,
21,42849,,,,,,,,,,,,,,,,,,,9.999999747378752e-05,9.999999747378752e-05,4.04070533477352e-06,,,,,,,,,,,,,,,,,,,,,,,,,,,,,
21,42899,,,,,,,,,,,,,,,,,,,9.999999747378752e-05,9.999999747378752e-05,4.04070533477352e-06,,,,,,,,,,,,,,,,,,,,,,,,,,,,,
21,42949,,,,,,,,,,,,,,,,,,,9.999999747378752e-05,9.999999747378752e-05,4.04070533477352e-06,,,,,,,,,,,,,,,,,,,,,,,,,,,,,
21,42999,,,,,,,,,,,,,,,,,,,9.999999747378752e-05,9.999999747378752e-05,4.04070533477352e-06,,,,,,,,,,,,,,,,,,,,,,,,,,,,,
21,43049,,,,,,,,,,,,,,,,,,,9.999999747378752e-05,9.999999747378752e-05,4.04070533477352e-06,,,,,,,,,,,,,,,,,,,,,,,,,,,,,
21,43053,,,,,,,,,,,,,,,,,,,,,,0.33191820979118347,0.667570948600769,0.8491982221603394,0.9010576605796814,0.836233377456665,0.9563288688659668,-5.206000963653423e-09,0.6738463044166565,0.35419249534606934,0.53277987241745,6.660985946655273,0.05825849249958992,0.05801425501704216,0.057953473180532455,0.06686358898878098,0.7269588112831116,0.750221312046051,0.7332563400268555,0.7678385972976685,0.3030085861682892,0.3014383912086487,0.30355891585350037,0.33062610030174255,0.6543768644332886,0.33191820979118347,0.28736311197280884,0.5143010020256042,0.803163468837738,0.5711480379104614
21,43053,13.286215782165527,12.530467987060547,13.222214698791504,12.504534721374512,0.06436451524496078,6.334470272064209,0.050677668303251266,0.052043210715055466,0.05102606117725372,0.063230499625206,0.6880826354026794,0.7120674252510071,0.6921510696411133,0.7406099438667297,0.29315105080604553,0.29567262530326843,0.29385313391685486,0.32565417885780334,,,,,,,,,,,,,,,,,,,,,,,,,,,,,,,,
22,43099,,,,,,,,,,,,,,,,,,,9.999999747378752e-05,9.999999747378752e-05,4.04070533477352e-06,,,,,,,,,,,,,,,,,,,,,,,,,,,,,
22,43149,,,,,,,,,,,,,,,,,,,9.999999747378752e-05,9.999999747378752e-05,4.04070533477352e-06,,,,,,,,,,,,,,,,,,,,,,,,,,,,,
22,43199,,,,,,,,,,,,,,,,,,,9.999999747378752e-05,9.999999747378752e-05,4.04070533477352e-06,,,,,,,,,,,,,,,,,,,,,,,,,,,,,
22,43249,,,,,,,,,,,,,,,,,,,9.999999747378752e-05,9.999999747378752e-05,4.04070533477352e-06,,,,,,,,,,,,,,,,,,,,,,,,,,,,,
22,43299,,,,,,,,,,,,,,,,,,,9.999999747378752e-05,9.999999747378752e-05,4.04070533477352e-06,,,,,,,,,,,,,,,,,,,,,,,,,,,,,
22,43349,,,,,,,,,,,,,,,,,,,9.999999747378752e-05,9.999999747378752e-05,4.04070533477352e-06,,,,,,,,,,,,,,,,,,,,,,,,,,,,,
22,43399,,,,,,,,,,,,,,,,,,,9.999999747378752e-05,9.999999747378752e-05,4.04070533477352e-06,,,,,,,,,,,,,,,,,,,,,,,,,,,,,
22,43449,,,,,,,,,,,,,,,,,,,9.999999747378752e-05,9.999999747378752e-05,4.04070533477352e-06,,,,,,,,,,,,,,,,,,,,,,,,,,,,,
22,43499,,,,,,,,,,,,,,,,,,,9.999999747378752e-05,9.999999747378752e-05,4.04070533477352e-06,,,,,,,,,,,,,,,,,,,,,,,,,,,,,
22,43549,,,,,,,,,,,,,,,,,,,9.999999747378752e-05,9.999999747378752e-05,4.04070533477352e-06,,,,,,,,,,,,,,,,,,,,,,,,,,,,,
22,43599,,,,,,,,,,,,,,,,,,,9.999999747378752e-05,9.999999747378752e-05,4.04070533477352e-06,,,,,,,,,,,,,,,,,,,,,,,,,,,,,
22,43649,,,,,,,,,,,,,,,,,,,9.999999747378752e-05,9.999999747378752e-05,4.04070533477352e-06,,,,,,,,,,,,,,,,,,,,,,,,,,,,,
22,43699,,,,,,,,,,,,,,,,,,,9.999999747378752e-05,9.999999747378752e-05,4.04070533477352e-06,,,,,,,,,,,,,,,,,,,,,,,,,,,,,
22,43749,,,,,,,,,,,,,,,,,,,9.999999747378752e-05,9.999999747378752e-05,4.04070533477352e-06,,,,,,,,,,,,,,,,,,,,,,,,,,,,,
22,43799,,,,,,,,,,,,,,,,,,,9.999999747378752e-05,9.999999747378752e-05,4.04070533477352e-06,,,,,,,,,,,,,,,,,,,,,,,,,,,,,
22,43849,,,,,,,,,,,,,,,,,,,9.999999747378752e-05,9.999999747378752e-05,4.04070533477352e-06,,,,,,,,,,,,,,,,,,,,,,,,,,,,,
22,43899,,,,,,,,,,,,,,,,,,,9.999999747378752e-05,9.999999747378752e-05,4.04070533477352e-06,,,,,,,,,,,,,,,,,,,,,,,,,,,,,
22,43949,,,,,,,,,,,,,,,,,,,9.999999747378752e-05,9.999999747378752e-05,4.04070533477352e-06,,,,,,,,,,,,,,,,,,,,,,,,,,,,,
22,43999,,,,,,,,,,,,,,,,,,,9.999999747378752e-05,9.999999747378752e-05,4.04070533477352e-06,,,,,,,,,,,,,,,,,,,,,,,,,,,,,
22,44049,,,,,,,,,,,,,,,,,,,9.999999747378752e-05,9.999999747378752e-05,4.04070533477352e-06,,,,,,,,,,,,,,,,,,,,,,,,,,,,,
22,44099,,,,,,,,,,,,,,,,,,,9.999999747378752e-05,9.999999747378752e-05,4.04070533477352e-06,,,,,,,,,,,,,,,,,,,,,,,,,,,,,
22,44149,,,,,,,,,,,,,,,,,,,9.999999747378752e-05,9.999999747378752e-05,4.04070533477352e-06,,,,,,,,,,,,,,,,,,,,,,,,,,,,,
22,44199,,,,,,,,,,,,,,,,,,,9.999999747378752e-05,9.999999747378752e-05,4.04070533477352e-06,,,,,,,,,,,,,,,,,,,,,,,,,,,,,
22,44249,,,,,,,,,,,,,,,,,,,9.999999747378752e-05,9.999999747378752e-05,4.04070533477352e-06,,,,,,,,,,,,,,,,,,,,,,,,,,,,,
22,44299,,,,,,,,,,,,,,,,,,,9.999999747378752e-05,9.999999747378752e-05,4.04070533477352e-06,,,,,,,,,,,,,,,,,,,,,,,,,,,,,
22,44349,,,,,,,,,,,,,,,,,,,9.999999747378752e-05,9.999999747378752e-05,4.04070533477352e-06,,,,,,,,,,,,,,,,,,,,,,,,,,,,,
22,44399,,,,,,,,,,,,,,,,,,,9.999999747378752e-05,9.999999747378752e-05,4.04070533477352e-06,,,,,,,,,,,,,,,,,,,,,,,,,,,,,
22,44449,,,,,,,,,,,,,,,,,,,9.999999747378752e-05,9.999999747378752e-05,4.04070533477352e-06,,,,,,,,,,,,,,,,,,,,,,,,,,,,,
22,44499,,,,,,,,,,,,,,,,,,,9.999999747378752e-05,9.999999747378752e-05,4.04070533477352e-06,,,,,,,,,,,,,,,,,,,,,,,,,,,,,
22,44549,,,,,,,,,,,,,,,,,,,9.999999747378752e-05,9.999999747378752e-05,4.04070533477352e-06,,,,,,,,,,,,,,,,,,,,,,,,,,,,,
22,44599,,,,,,,,,,,,,,,,,,,9.999999747378752e-05,9.999999747378752e-05,4.04070533477352e-06,,,,,,,,,,,,,,,,,,,,,,,,,,,,,
22,44649,,,,,,,,,,,,,,,,,,,9.999999747378752e-05,9.999999747378752e-05,4.04070533477352e-06,,,,,,,,,,,,,,,,,,,,,,,,,,,,,
22,44699,,,,,,,,,,,,,,,,,,,9.999999747378752e-05,9.999999747378752e-05,4.04070533477352e-06,,,,,,,,,,,,,,,,,,,,,,,,,,,,,
22,44749,,,,,,,,,,,,,,,,,,,9.999999747378752e-05,9.999999747378752e-05,4.04070533477352e-06,,,,,,,,,,,,,,,,,,,,,,,,,,,,,
22,44799,,,,,,,,,,,,,,,,,,,9.999999747378752e-05,9.999999747378752e-05,4.04070533477352e-06,,,,,,,,,,,,,,,,,,,,,,,,,,,,,
22,44849,,,,,,,,,,,,,,,,,,,9.999999747378752e-05,9.999999747378752e-05,4.04070533477352e-06,,,,,,,,,,,,,,,,,,,,,,,,,,,,,
22,44899,,,,,,,,,,,,,,,,,,,9.999999747378752e-05,9.999999747378752e-05,4.04070533477352e-06,,,,,,,,,,,,,,,,,,,,,,,,,,,,,
22,44949,,,,,,,,,,,,,,,,,,,9.999999747378752e-05,9.999999747378752e-05,4.04070533477352e-06,,,,,,,,,,,,,,,,,,,,,,,,,,,,,
22,44999,,,,,,,,,,,,,,,,,,,9.999999747378752e-05,9.999999747378752e-05,4.04070533477352e-06,,,,,,,,,,,,,,,,,,,,,,,,,,,,,
22,45010,,,,,,,,,,,,,,,,,,,,,,0.34393203258514404,0.6787039637565613,0.8317980170249939,0.885704517364502,0.8297509551048279,0.9061753749847412,-5.206000963653423e-09,0.6781370639801025,0.3606053292751312,0.528173565864563,6.6096930503845215,0.05707404389977455,0.05824599415063858,0.057253796607255936,0.06592634320259094,0.7194455862045288,0.7405045628547668,0.7262187600135803,0.7685607671737671,0.2994752824306488,0.3016219139099121,0.30032259225845337,0.32980668544769287,0.6610370874404907,0.34393203258514404,0.3134307563304901,0.5163185000419617,0.77449631690979,0.6039992570877075
22,45010,13.41651725769043,12.623785972595215,13.366249084472656,12.562085151672363,0.09286189824342728,6.270560264587402,0.05045011267066002,0.051186926662921906,0.050701264292001724,0.06149312108755112,0.6821372509002686,0.708007276058197,0.686638355255127,0.7342556715011597,0.2909603714942932,0.29235026240348816,0.291371613740921,0.3205028176307678,,,,,,,,,,,,,,,,,,,,,,,,,,,,,,,,
23,45049,,,,,,,,,,,,,,,,,,,9.999999747378752e-05,9.999999747378752e-05,4.04070533477352e-06,,,,,,,,,,,,,,,,,,,,,,,,,,,,,
23,45099,,,,,,,,,,,,,,,,,,,9.999999747378752e-05,9.999999747378752e-05,4.04070533477352e-06,,,,,,,,,,,,,,,,,,,,,,,,,,,,,
23,45149,,,,,,,,,,,,,,,,,,,9.999999747378752e-05,9.999999747378752e-05,4.04070533477352e-06,,,,,,,,,,,,,,,,,,,,,,,,,,,,,
23,45199,,,,,,,,,,,,,,,,,,,9.999999747378752e-05,9.999999747378752e-05,4.04070533477352e-06,,,,,,,,,,,,,,,,,,,,,,,,,,,,,
23,45249,,,,,,,,,,,,,,,,,,,9.999999747378752e-05,9.999999747378752e-05,4.04070533477352e-06,,,,,,,,,,,,,,,,,,,,,,,,,,,,,
23,45299,,,,,,,,,,,,,,,,,,,9.999999747378752e-05,9.999999747378752e-05,4.04070533477352e-06,,,,,,,,,,,,,,,,,,,,,,,,,,,,,
23,45349,,,,,,,,,,,,,,,,,,,9.999999747378752e-05,9.999999747378752e-05,4.04070533477352e-06,,,,,,,,,,,,,,,,,,,,,,,,,,,,,
23,45399,,,,,,,,,,,,,,,,,,,9.999999747378752e-05,9.999999747378752e-05,4.04070533477352e-06,,,,,,,,,,,,,,,,,,,,,,,,,,,,,
23,45449,,,,,,,,,,,,,,,,,,,9.999999747378752e-05,9.999999747378752e-05,4.04070533477352e-06,,,,,,,,,,,,,,,,,,,,,,,,,,,,,
23,45499,,,,,,,,,,,,,,,,,,,9.999999747378752e-05,9.999999747378752e-05,4.04070533477352e-06,,,,,,,,,,,,,,,,,,,,,,,,,,,,,
23,45549,,,,,,,,,,,,,,,,,,,9.999999747378752e-05,9.999999747378752e-05,4.04070533477352e-06,,,,,,,,,,,,,,,,,,,,,,,,,,,,,
23,45599,,,,,,,,,,,,,,,,,,,9.999999747378752e-05,9.999999747378752e-05,4.04070533477352e-06,,,,,,,,,,,,,,,,,,,,,,,,,,,,,
23,45649,,,,,,,,,,,,,,,,,,,9.999999747378752e-05,9.999999747378752e-05,4.04070533477352e-06,,,,,,,,,,,,,,,,,,,,,,,,,,,,,
23,45699,,,,,,,,,,,,,,,,,,,9.999999747378752e-05,9.999999747378752e-05,4.04070533477352e-06,,,,,,,,,,,,,,,,,,,,,,,,,,,,,
23,45749,,,,,,,,,,,,,,,,,,,9.999999747378752e-05,9.999999747378752e-05,4.04070533477352e-06,,,,,,,,,,,,,,,,,,,,,,,,,,,,,
23,45799,,,,,,,,,,,,,,,,,,,9.999999747378752e-05,9.999999747378752e-05,4.04070533477352e-06,,,,,,,,,,,,,,,,,,,,,,,,,,,,,
23,45849,,,,,,,,,,,,,,,,,,,9.999999747378752e-05,9.999999747378752e-05,4.04070533477352e-06,,,,,,,,,,,,,,,,,,,,,,,,,,,,,
23,45899,,,,,,,,,,,,,,,,,,,9.999999747378752e-05,9.999999747378752e-05,4.04070533477352e-06,,,,,,,,,,,,,,,,,,,,,,,,,,,,,
23,45949,,,,,,,,,,,,,,,,,,,9.999999747378752e-05,9.999999747378752e-05,4.04070533477352e-06,,,,,,,,,,,,,,,,,,,,,,,,,,,,,
23,45999,,,,,,,,,,,,,,,,,,,9.999999747378752e-05,9.999999747378752e-05,4.04070533477352e-06,,,,,,,,,,,,,,,,,,,,,,,,,,,,,
23,46049,,,,,,,,,,,,,,,,,,,9.999999747378752e-05,9.999999747378752e-05,4.04070533477352e-06,,,,,,,,,,,,,,,,,,,,,,,,,,,,,
23,46099,,,,,,,,,,,,,,,,,,,9.999999747378752e-05,9.999999747378752e-05,4.04070533477352e-06,,,,,,,,,,,,,,,,,,,,,,,,,,,,,
23,46149,,,,,,,,,,,,,,,,,,,9.999999747378752e-05,9.999999747378752e-05,4.04070533477352e-06,,,,,,,,,,,,,,,,,,,,,,,,,,,,,
23,46199,,,,,,,,,,,,,,,,,,,9.999999747378752e-05,9.999999747378752e-05,4.04070533477352e-06,,,,,,,,,,,,,,,,,,,,,,,,,,,,,
23,46249,,,,,,,,,,,,,,,,,,,9.999999747378752e-05,9.999999747378752e-05,4.04070533477352e-06,,,,,,,,,,,,,,,,,,,,,,,,,,,,,
23,46299,,,,,,,,,,,,,,,,,,,9.999999747378752e-05,9.999999747378752e-05,4.04070533477352e-06,,,,,,,,,,,,,,,,,,,,,,,,,,,,,
23,46349,,,,,,,,,,,,,,,,,,,9.999999747378752e-05,9.999999747378752e-05,4.04070533477352e-06,,,,,,,,,,,,,,,,,,,,,,,,,,,,,
23,46399,,,,,,,,,,,,,,,,,,,9.999999747378752e-05,9.999999747378752e-05,4.04070533477352e-06,,,,,,,,,,,,,,,,,,,,,,,,,,,,,
23,46449,,,,,,,,,,,,,,,,,,,9.999999747378752e-05,9.999999747378752e-05,4.04070533477352e-06,,,,,,,,,,,,,,,,,,,,,,,,,,,,,
23,46499,,,,,,,,,,,,,,,,,,,9.999999747378752e-05,9.999999747378752e-05,4.04070533477352e-06,,,,,,,,,,,,,,,,,,,,,,,,,,,,,
23,46549,,,,,,,,,,,,,,,,,,,9.999999747378752e-05,9.999999747378752e-05,4.04070533477352e-06,,,,,,,,,,,,,,,,,,,,,,,,,,,,,
23,46599,,,,,,,,,,,,,,,,,,,9.999999747378752e-05,9.999999747378752e-05,4.04070533477352e-06,,,,,,,,,,,,,,,,,,,,,,,,,,,,,
23,46649,,,,,,,,,,,,,,,,,,,9.999999747378752e-05,9.999999747378752e-05,4.04070533477352e-06,,,,,,,,,,,,,,,,,,,,,,,,,,,,,
23,46699,,,,,,,,,,,,,,,,,,,9.999999747378752e-05,9.999999747378752e-05,4.04070533477352e-06,,,,,,,,,,,,,,,,,,,,,,,,,,,,,
23,46749,,,,,,,,,,,,,,,,,,,9.999999747378752e-05,9.999999747378752e-05,4.04070533477352e-06,,,,,,,,,,,,,,,,,,,,,,,,,,,,,
23,46799,,,,,,,,,,,,,,,,,,,9.999999747378752e-05,9.999999747378752e-05,4.04070533477352e-06,,,,,,,,,,,,,,,,,,,,,,,,,,,,,
23,46849,,,,,,,,,,,,,,,,,,,9.999999747378752e-05,9.999999747378752e-05,4.04070533477352e-06,,,,,,,,,,,,,,,,,,,,,,,,,,,,,
23,46899,,,,,,,,,,,,,,,,,,,9.999999747378752e-05,9.999999747378752e-05,4.04070533477352e-06,,,,,,,,,,,,,,,,,,,,,,,,,,,,,
23,46949,,,,,,,,,,,,,,,,,,,9.999999747378752e-05,9.999999747378752e-05,4.04070533477352e-06,,,,,,,,,,,,,,,,,,,,,,,,,,,,,
23,46967,,,,,,,,,,,,,,,,,,,,,,0.33616945147514343,0.6724380850791931,0.8208802342414856,0.8683043122291565,0.8277038335800171,0.8976458311080933,-5.206000963653423e-09,0.6831918954849243,0.36094337701797485,0.5346544981002808,6.641910552978516,0.05758823826909065,0.0569290965795517,0.05752953886985779,0.06630855053663254,0.7272842526435852,0.7554082274436951,0.7330464124679565,0.7676241993904114,0.30268773436546326,0.30047908425331116,0.30158621072769165,0.32863253355026245,0.6560345888137817,0.33616945147514343,0.2995465397834778,0.514247477054596,0.7708285450935364,0.5963220596313477
23,46967,13.571537971496582,12.651187896728516,13.480582237243652,12.701456069946289,0.08942257612943649,6.20972204208374,0.04903889819979668,0.050035085529088974,0.049275968223810196,0.06057421863079071,0.6810345649719238,0.7074152231216431,0.6859686970710754,0.7328678369522095,0.2865616977214813,0.28837573528289795,0.28691595792770386,0.31705716252326965,,,,,,,,,,,,,,,,,,,,,,,,,,,,,,,,
24,46999,,,,,,,,,,,,,,,,,,,9.999999747378752e-05,9.999999747378752e-05,4.04070533477352e-06,,,,,,,,,,,,,,,,,,,,,,,,,,,,,
24,47049,,,,,,,,,,,,,,,,,,,9.999999747378752e-05,9.999999747378752e-05,4.04070533477352e-06,,,,,,,,,,,,,,,,,,,,,,,,,,,,,
24,47099,,,,,,,,,,,,,,,,,,,9.999999747378752e-05,9.999999747378752e-05,4.04070533477352e-06,,,,,,,,,,,,,,,,,,,,,,,,,,,,,
24,47149,,,,,,,,,,,,,,,,,,,9.999999747378752e-05,9.999999747378752e-05,4.04070533477352e-06,,,,,,,,,,,,,,,,,,,,,,,,,,,,,
24,47199,,,,,,,,,,,,,,,,,,,9.999999747378752e-05,9.999999747378752e-05,4.04070533477352e-06,,,,,,,,,,,,,,,,,,,,,,,,,,,,,
24,47249,,,,,,,,,,,,,,,,,,,9.999999747378752e-05,9.999999747378752e-05,4.04070533477352e-06,,,,,,,,,,,,,,,,,,,,,,,,,,,,,
24,47299,,,,,,,,,,,,,,,,,,,9.999999747378752e-05,9.999999747378752e-05,4.04070533477352e-06,,,,,,,,,,,,,,,,,,,,,,,,,,,,,
24,47349,,,,,,,,,,,,,,,,,,,9.999999747378752e-05,9.999999747378752e-05,4.04070533477352e-06,,,,,,,,,,,,,,,,,,,,,,,,,,,,,
24,47399,,,,,,,,,,,,,,,,,,,9.999999747378752e-05,9.999999747378752e-05,4.04070533477352e-06,,,,,,,,,,,,,,,,,,,,,,,,,,,,,
24,47449,,,,,,,,,,,,,,,,,,,9.999999747378752e-05,9.999999747378752e-05,4.04070533477352e-06,,,,,,,,,,,,,,,,,,,,,,,,,,,,,
24,47499,,,,,,,,,,,,,,,,,,,9.999999747378752e-05,9.999999747378752e-05,4.04070533477352e-06,,,,,,,,,,,,,,,,,,,,,,,,,,,,,
24,47549,,,,,,,,,,,,,,,,,,,9.999999747378752e-05,9.999999747378752e-05,4.04070533477352e-06,,,,,,,,,,,,,,,,,,,,,,,,,,,,,
24,47599,,,,,,,,,,,,,,,,,,,9.999999747378752e-05,9.999999747378752e-05,4.04070533477352e-06,,,,,,,,,,,,,,,,,,,,,,,,,,,,,
24,47649,,,,,,,,,,,,,,,,,,,9.999999747378752e-05,9.999999747378752e-05,4.04070533477352e-06,,,,,,,,,,,,,,,,,,,,,,,,,,,,,
24,47699,,,,,,,,,,,,,,,,,,,9.999999747378752e-05,9.999999747378752e-05,4.04070533477352e-06,,,,,,,,,,,,,,,,,,,,,,,,,,,,,
24,47749,,,,,,,,,,,,,,,,,,,9.999999747378752e-05,9.999999747378752e-05,4.04070533477352e-06,,,,,,,,,,,,,,,,,,,,,,,,,,,,,
24,47799,,,,,,,,,,,,,,,,,,,9.999999747378752e-05,9.999999747378752e-05,4.04070533477352e-06,,,,,,,,,,,,,,,,,,,,,,,,,,,,,
24,47849,,,,,,,,,,,,,,,,,,,9.999999747378752e-05,9.999999747378752e-05,4.04070533477352e-06,,,,,,,,,,,,,,,,,,,,,,,,,,,,,
24,47899,,,,,,,,,,,,,,,,,,,9.999999747378752e-05,9.999999747378752e-05,4.04070533477352e-06,,,,,,,,,,,,,,,,,,,,,,,,,,,,,
24,47949,,,,,,,,,,,,,,,,,,,9.999999747378752e-05,9.999999747378752e-05,4.04070533477352e-06,,,,,,,,,,,,,,,,,,,,,,,,,,,,,
24,47999,,,,,,,,,,,,,,,,,,,9.999999747378752e-05,9.999999747378752e-05,4.04070533477352e-06,,,,,,,,,,,,,,,,,,,,,,,,,,,,,
24,48049,,,,,,,,,,,,,,,,,,,9.999999747378752e-05,9.999999747378752e-05,4.04070533477352e-06,,,,,,,,,,,,,,,,,,,,,,,,,,,,,
24,48099,,,,,,,,,,,,,,,,,,,9.999999747378752e-05,9.999999747378752e-05,4.04070533477352e-06,,,,,,,,,,,,,,,,,,,,,,,,,,,,,
24,48149,,,,,,,,,,,,,,,,,,,9.999999747378752e-05,9.999999747378752e-05,4.04070533477352e-06,,,,,,,,,,,,,,,,,,,,,,,,,,,,,
24,48199,,,,,,,,,,,,,,,,,,,9.999999747378752e-05,9.999999747378752e-05,4.04070533477352e-06,,,,,,,,,,,,,,,,,,,,,,,,,,,,,
24,48249,,,,,,,,,,,,,,,,,,,9.999999747378752e-05,9.999999747378752e-05,4.04070533477352e-06,,,,,,,,,,,,,,,,,,,,,,,,,,,,,
24,48299,,,,,,,,,,,,,,,,,,,9.999999747378752e-05,9.999999747378752e-05,4.04070533477352e-06,,,,,,,,,,,,,,,,,,,,,,,,,,,,,
24,48349,,,,,,,,,,,,,,,,,,,9.999999747378752e-05,9.999999747378752e-05,4.04070533477352e-06,,,,,,,,,,,,,,,,,,,,,,,,,,,,,
24,48399,,,,,,,,,,,,,,,,,,,9.999999747378752e-05,9.999999747378752e-05,4.04070533477352e-06,,,,,,,,,,,,,,,,,,,,,,,,,,,,,
24,48449,,,,,,,,,,,,,,,,,,,9.999999747378752e-05,9.999999747378752e-05,4.04070533477352e-06,,,,,,,,,,,,,,,,,,,,,,,,,,,,,
24,48499,,,,,,,,,,,,,,,,,,,9.999999747378752e-05,9.999999747378752e-05,4.04070533477352e-06,,,,,,,,,,,,,,,,,,,,,,,,,,,,,
24,48549,,,,,,,,,,,,,,,,,,,9.999999747378752e-05,9.999999747378752e-05,4.04070533477352e-06,,,,,,,,,,,,,,,,,,,,,,,,,,,,,
24,48599,,,,,,,,,,,,,,,,,,,9.999999747378752e-05,9.999999747378752e-05,4.04070533477352e-06,,,,,,,,,,,,,,,,,,,,,,,,,,,,,
24,48649,,,,,,,,,,,,,,,,,,,9.999999747378752e-05,9.999999747378752e-05,4.04070533477352e-06,,,,,,,,,,,,,,,,,,,,,,,,,,,,,
24,48699,,,,,,,,,,,,,,,,,,,9.999999747378752e-05,9.999999747378752e-05,4.04070533477352e-06,,,,,,,,,,,,,,,,,,,,,,,,,,,,,
24,48749,,,,,,,,,,,,,,,,,,,9.999999747378752e-05,9.999999747378752e-05,4.04070533477352e-06,,,,,,,,,,,,,,,,,,,,,,,,,,,,,
24,48799,,,,,,,,,,,,,,,,,,,9.999999747378752e-05,9.999999747378752e-05,4.04070533477352e-06,,,,,,,,,,,,,,,,,,,,,,,,,,,,,
24,48849,,,,,,,,,,,,,,,,,,,9.999999747378752e-05,9.999999747378752e-05,4.04070533477352e-06,,,,,,,,,,,,,,,,,,,,,,,,,,,,,
24,48899,,,,,,,,,,,,,,,,,,,9.999999747378752e-05,9.999999747378752e-05,4.04070533477352e-06,,,,,,,,,,,,,,,,,,,,,,,,,,,,,
24,48924,,,,,,,,,,,,,,,,,,,,,,0.3458539545536041,0.685077428817749,0.7499147057533264,0.7830092310905457,0.7587854266166687,0.8587512969970703,-5.206000963653423e-09,0.6866411566734314,0.36306583881378174,0.5323156714439392,6.6244707107543945,0.05958428978919983,0.060081735253334045,0.0599370077252388,0.06860315054655075,0.7181771993637085,0.7371619939804077,0.7212010025978088,0.7499968409538269,0.3006189167499542,0.3016972243785858,0.30081069469451904,0.3253227770328522,0.6696175336837769,0.3458539545536041,0.3119160830974579,0.5118014812469482,0.7653151154518127,0.620067834854126
24,48924,13.701200485229492,12.896717071533203,13.638349533081055,12.887710571289062,0.038815177977085114,6.21073055267334,0.04972626268863678,0.050687529146671295,0.050017423927783966,0.06168505176901817,0.6746379137039185,0.6991528868675232,0.6795977354049683,0.7283938527107239,0.28777021169662476,0.2896171808242798,0.2883008122444153,0.3185019791126251,,,,,,,,,,,,,,,,,,,,,,,,,,,,,,,,
25,48949,,,,,,,,,,,,,,,,,,,9.999999747378752e-05,9.999999747378752e-05,4.04070533477352e-06,,,,,,,,,,,,,,,,,,,,,,,,,,,,,
25,48999,,,,,,,,,,,,,,,,,,,9.999999747378752e-05,9.999999747378752e-05,4.04070533477352e-06,,,,,,,,,,,,,,,,,,,,,,,,,,,,,
25,49049,,,,,,,,,,,,,,,,,,,9.999999747378752e-05,9.999999747378752e-05,4.04070533477352e-06,,,,,,,,,,,,,,,,,,,,,,,,,,,,,
25,49099,,,,,,,,,,,,,,,,,,,9.999999747378752e-05,9.999999747378752e-05,4.04070533477352e-06,,,,,,,,,,,,,,,,,,,,,,,,,,,,,
25,49149,,,,,,,,,,,,,,,,,,,9.999999747378752e-05,9.999999747378752e-05,4.04070533477352e-06,,,,,,,,,,,,,,,,,,,,,,,,,,,,,
25,49199,,,,,,,,,,,,,,,,,,,9.999999747378752e-05,9.999999747378752e-05,4.04070533477352e-06,,,,,,,,,,,,,,,,,,,,,,,,,,,,,
25,49249,,,,,,,,,,,,,,,,,,,9.999999747378752e-05,9.999999747378752e-05,4.04070533477352e-06,,,,,,,,,,,,,,,,,,,,,,,,,,,,,
25,49299,,,,,,,,,,,,,,,,,,,9.999999747378752e-05,9.999999747378752e-05,4.04070533477352e-06,,,,,,,,,,,,,,,,,,,,,,,,,,,,,
25,49349,,,,,,,,,,,,,,,,,,,9.999999747378752e-05,9.999999747378752e-05,4.04070533477352e-06,,,,,,,,,,,,,,,,,,,,,,,,,,,,,
25,49399,,,,,,,,,,,,,,,,,,,9.999999747378752e-05,9.999999747378752e-05,4.04070533477352e-06,,,,,,,,,,,,,,,,,,,,,,,,,,,,,
25,49449,,,,,,,,,,,,,,,,,,,9.999999747378752e-05,9.999999747378752e-05,4.04070533477352e-06,,,,,,,,,,,,,,,,,,,,,,,,,,,,,
25,49499,,,,,,,,,,,,,,,,,,,9.999999747378752e-05,9.999999747378752e-05,4.04070533477352e-06,,,,,,,,,,,,,,,,,,,,,,,,,,,,,
25,49549,,,,,,,,,,,,,,,,,,,9.999999747378752e-05,9.999999747378752e-05,4.04070533477352e-06,,,,,,,,,,,,,,,,,,,,,,,,,,,,,
25,49599,,,,,,,,,,,,,,,,,,,9.999999747378752e-05,9.999999747378752e-05,4.04070533477352e-06,,,,,,,,,,,,,,,,,,,,,,,,,,,,,
25,49649,,,,,,,,,,,,,,,,,,,9.999999747378752e-05,9.999999747378752e-05,4.04070533477352e-06,,,,,,,,,,,,,,,,,,,,,,,,,,,,,
25,49699,,,,,,,,,,,,,,,,,,,9.999999747378752e-05,9.999999747378752e-05,4.04070533477352e-06,,,,,,,,,,,,,,,,,,,,,,,,,,,,,
25,49749,,,,,,,,,,,,,,,,,,,9.999999747378752e-05,9.999999747378752e-05,4.04070533477352e-06,,,,,,,,,,,,,,,,,,,,,,,,,,,,,
25,49799,,,,,,,,,,,,,,,,,,,9.999999747378752e-05,9.999999747378752e-05,4.04070533477352e-06,,,,,,,,,,,,,,,,,,,,,,,,,,,,,
25,49849,,,,,,,,,,,,,,,,,,,9.999999747378752e-05,9.999999747378752e-05,4.04070533477352e-06,,,,,,,,,,,,,,,,,,,,,,,,,,,,,
25,49899,,,,,,,,,,,,,,,,,,,9.999999747378752e-05,9.999999747378752e-05,4.04070533477352e-06,,,,,,,,,,,,,,,,,,,,,,,,,,,,,
25,49949,,,,,,,,,,,,,,,,,,,9.999999747378752e-05,9.999999747378752e-05,4.04070533477352e-06,,,,,,,,,,,,,,,,,,,,,,,,,,,,,
25,49999,,,,,,,,,,,,,,,,,,,9.999999747378752e-05,9.999999747378752e-05,4.04070533477352e-06,,,,,,,,,,,,,,,,,,,,,,,,,,,,,
25,50049,,,,,,,,,,,,,,,,,,,9.999999747378752e-05,9.999999747378752e-05,4.04070533477352e-06,,,,,,,,,,,,,,,,,,,,,,,,,,,,,
25,50099,,,,,,,,,,,,,,,,,,,9.999999747378752e-05,9.999999747378752e-05,4.04070533477352e-06,,,,,,,,,,,,,,,,,,,,,,,,,,,,,
25,50149,,,,,,,,,,,,,,,,,,,9.999999747378752e-05,9.999999747378752e-05,4.04070533477352e-06,,,,,,,,,,,,,,,,,,,,,,,,,,,,,
25,50199,,,,,,,,,,,,,,,,,,,9.999999747378752e-05,9.999999747378752e-05,4.04070533477352e-06,,,,,,,,,,,,,,,,,,,,,,,,,,,,,
25,50249,,,,,,,,,,,,,,,,,,,9.999999747378752e-05,9.999999747378752e-05,4.04070533477352e-06,,,,,,,,,,,,,,,,,,,,,,,,,,,,,
25,50299,,,,,,,,,,,,,,,,,,,9.999999747378752e-05,9.999999747378752e-05,4.04070533477352e-06,,,,,,,,,,,,,,,,,,,,,,,,,,,,,
25,50349,,,,,,,,,,,,,,,,,,,9.999999747378752e-05,9.999999747378752e-05,4.04070533477352e-06,,,,,,,,,,,,,,,,,,,,,,,,,,,,,
25,50399,,,,,,,,,,,,,,,,,,,9.999999747378752e-05,9.999999747378752e-05,4.04070533477352e-06,,,,,,,,,,,,,,,,,,,,,,,,,,,,,
25,50449,,,,,,,,,,,,,,,,,,,9.999999747378752e-05,9.999999747378752e-05,4.04070533477352e-06,,,,,,,,,,,,,,,,,,,,,,,,,,,,,
25,50499,,,,,,,,,,,,,,,,,,,9.999999747378752e-05,9.999999747378752e-05,4.04070533477352e-06,,,,,,,,,,,,,,,,,,,,,,,,,,,,,
25,50549,,,,,,,,,,,,,,,,,,,9.999999747378752e-05,9.999999747378752e-05,4.04070533477352e-06,,,,,,,,,,,,,,,,,,,,,,,,,,,,,
25,50599,,,,,,,,,,,,,,,,,,,9.999999747378752e-05,9.999999747378752e-05,4.04070533477352e-06,,,,,,,,,,,,,,,,,,,,,,,,,,,,,
25,50649,,,,,,,,,,,,,,,,,,,9.999999747378752e-05,9.999999747378752e-05,4.04070533477352e-06,,,,,,,,,,,,,,,,,,,,,,,,,,,,,
25,50699,,,,,,,,,,,,,,,,,,,9.999999747378752e-05,9.999999747378752e-05,4.04070533477352e-06,,,,,,,,,,,,,,,,,,,,,,,,,,,,,
25,50749,,,,,,,,,,,,,,,,,,,9.999999747378752e-05,9.999999747378752e-05,4.04070533477352e-06,,,,,,,,,,,,,,,,,,,,,,,,,,,,,
25,50799,,,,,,,,,,,,,,,,,,,9.999999747378752e-05,9.999999747378752e-05,4.04070533477352e-06,,,,,,,,,,,,,,,,,,,,,,,,,,,,,
25,50849,,,,,,,,,,,,,,,,,,,9.999999747378752e-05,9.999999747378752e-05,4.04070533477352e-06,,,,,,,,,,,,,,,,,,,,,,,,,,,,,
25,50881,,,,,,,,,,,,,,,,,,,,,,0.34548136591911316,0.684417724609375,0.7946093678474426,0.8485158681869507,0.8143978118896484,0.8662572503089905,-5.206000963653423e-09,0.6906460523605347,0.3663448989391327,0.5397964715957642,6.580319881439209,0.05795910209417343,0.05747788026928902,0.05748957768082619,0.06735756248235703,0.7254777550697327,0.73968505859375,0.7297592163085938,0.7564438581466675,0.29514381289482117,0.29666221141815186,0.29452380537986755,0.3274379372596741,0.6697577238082886,0.34548136591911316,0.3087916970252991,0.5269594788551331,0.8153542280197144,0.5897161364555359
25,50881,13.779956817626953,12.975855827331543,13.651187896728516,12.948709487915039,0.0766478180885315,6.181992053985596,0.048985134810209274,0.050228700041770935,0.0492994487285614,0.061439987272024155,0.6738122701644897,0.6970617175102234,0.6776980757713318,0.7233688831329346,0.2861616611480713,0.28883132338523865,0.2869632840156555,0.3181856870651245,,,,,,,,,,,,,,,,,,,,,,,,,,,,,,,,
26,50899,,,,,,,,,,,,,,,,,,,9.999999747378752e-05,9.999999747378752e-05,4.04070533477352e-06,,,,,,,,,,,,,,,,,,,,,,,,,,,,,
26,50949,,,,,,,,,,,,,,,,,,,9.999999747378752e-05,9.999999747378752e-05,4.04070533477352e-06,,,,,,,,,,,,,,,,,,,,,,,,,,,,,
26,50999,,,,,,,,,,,,,,,,,,,9.999999747378752e-05,9.999999747378752e-05,4.04070533477352e-06,,,,,,,,,,,,,,,,,,,,,,,,,,,,,
26,51049,,,,,,,,,,,,,,,,,,,9.999999747378752e-05,9.999999747378752e-05,4.04070533477352e-06,,,,,,,,,,,,,,,,,,,,,,,,,,,,,
26,51099,,,,,,,,,,,,,,,,,,,9.999999747378752e-05,9.999999747378752e-05,4.04070533477352e-06,,,,,,,,,,,,,,,,,,,,,,,,,,,,,
26,51149,,,,,,,,,,,,,,,,,,,9.999999747378752e-05,9.999999747378752e-05,4.04070533477352e-06,,,,,,,,,,,,,,,,,,,,,,,,,,,,,
26,51199,,,,,,,,,,,,,,,,,,,9.999999747378752e-05,9.999999747378752e-05,4.04070533477352e-06,,,,,,,,,,,,,,,,,,,,,,,,,,,,,
26,51249,,,,,,,,,,,,,,,,,,,9.999999747378752e-05,9.999999747378752e-05,4.04070533477352e-06,,,,,,,,,,,,,,,,,,,,,,,,,,,,,
26,51299,,,,,,,,,,,,,,,,,,,9.999999747378752e-05,9.999999747378752e-05,4.04070533477352e-06,,,,,,,,,,,,,,,,,,,,,,,,,,,,,
26,51349,,,,,,,,,,,,,,,,,,,9.999999747378752e-05,9.999999747378752e-05,4.04070533477352e-06,,,,,,,,,,,,,,,,,,,,,,,,,,,,,
26,51399,,,,,,,,,,,,,,,,,,,9.999999747378752e-05,9.999999747378752e-05,4.04070533477352e-06,,,,,,,,,,,,,,,,,,,,,,,,,,,,,
26,51449,,,,,,,,,,,,,,,,,,,9.999999747378752e-05,9.999999747378752e-05,4.04070533477352e-06,,,,,,,,,,,,,,,,,,,,,,,,,,,,,
26,51499,,,,,,,,,,,,,,,,,,,9.999999747378752e-05,9.999999747378752e-05,4.04070533477352e-06,,,,,,,,,,,,,,,,,,,,,,,,,,,,,
26,51549,,,,,,,,,,,,,,,,,,,9.999999747378752e-05,9.999999747378752e-05,4.04070533477352e-06,,,,,,,,,,,,,,,,,,,,,,,,,,,,,
26,51599,,,,,,,,,,,,,,,,,,,9.999999747378752e-05,9.999999747378752e-05,4.04070533477352e-06,,,,,,,,,,,,,,,,,,,,,,,,,,,,,
26,51649,,,,,,,,,,,,,,,,,,,9.999999747378752e-05,9.999999747378752e-05,4.04070533477352e-06,,,,,,,,,,,,,,,,,,,,,,,,,,,,,
26,51699,,,,,,,,,,,,,,,,,,,9.999999747378752e-05,9.999999747378752e-05,4.04070533477352e-06,,,,,,,,,,,,,,,,,,,,,,,,,,,,,
26,51749,,,,,,,,,,,,,,,,,,,9.999999747378752e-05,9.999999747378752e-05,4.04070533477352e-06,,,,,,,,,,,,,,,,,,,,,,,,,,,,,
26,51799,,,,,,,,,,,,,,,,,,,9.999999747378752e-05,9.999999747378752e-05,4.04070533477352e-06,,,,,,,,,,,,,,,,,,,,,,,,,,,,,
26,51849,,,,,,,,,,,,,,,,,,,9.999999747378752e-05,9.999999747378752e-05,4.04070533477352e-06,,,,,,,,,,,,,,,,,,,,,,,,,,,,,
26,51899,,,,,,,,,,,,,,,,,,,9.999999747378752e-05,9.999999747378752e-05,4.04070533477352e-06,,,,,,,,,,,,,,,,,,,,,,,,,,,,,
26,51949,,,,,,,,,,,,,,,,,,,9.999999747378752e-05,9.999999747378752e-05,4.04070533477352e-06,,,,,,,,,,,,,,,,,,,,,,,,,,,,,
26,51999,,,,,,,,,,,,,,,,,,,9.999999747378752e-05,9.999999747378752e-05,4.04070533477352e-06,,,,,,,,,,,,,,,,,,,,,,,,,,,,,
26,52049,,,,,,,,,,,,,,,,,,,9.999999747378752e-05,9.999999747378752e-05,4.04070533477352e-06,,,,,,,,,,,,,,,,,,,,,,,,,,,,,
26,52099,,,,,,,,,,,,,,,,,,,9.999999747378752e-05,9.999999747378752e-05,4.04070533477352e-06,,,,,,,,,,,,,,,,,,,,,,,,,,,,,
26,52149,,,,,,,,,,,,,,,,,,,9.999999747378752e-05,9.999999747378752e-05,4.04070533477352e-06,,,,,,,,,,,,,,,,,,,,,,,,,,,,,
26,52199,,,,,,,,,,,,,,,,,,,9.999999747378752e-05,9.999999747378752e-05,4.04070533477352e-06,,,,,,,,,,,,,,,,,,,,,,,,,,,,,
26,52249,,,,,,,,,,,,,,,,,,,9.999999747378752e-05,9.999999747378752e-05,4.04070533477352e-06,,,,,,,,,,,,,,,,,,,,,,,,,,,,,
26,52299,,,,,,,,,,,,,,,,,,,9.999999747378752e-05,9.999999747378752e-05,4.04070533477352e-06,,,,,,,,,,,,,,,,,,,,,,,,,,,,,
26,52349,,,,,,,,,,,,,,,,,,,9.999999747378752e-05,9.999999747378752e-05,4.04070533477352e-06,,,,,,,,,,,,,,,,,,,,,,,,,,,,,
26,52399,,,,,,,,,,,,,,,,,,,9.999999747378752e-05,9.999999747378752e-05,4.04070533477352e-06,,,,,,,,,,,,,,,,,,,,,,,,,,,,,
26,52449,,,,,,,,,,,,,,,,,,,9.999999747378752e-05,9.999999747378752e-05,4.04070533477352e-06,,,,,,,,,,,,,,,,,,,,,,,,,,,,,
26,52499,,,,,,,,,,,,,,,,,,,9.999999747378752e-05,9.999999747378752e-05,4.04070533477352e-06,,,,,,,,,,,,,,,,,,,,,,,,,,,,,
26,52549,,,,,,,,,,,,,,,,,,,9.999999747378752e-05,9.999999747378752e-05,4.04070533477352e-06,,,,,,,,,,,,,,,,,,,,,,,,,,,,,
26,52599,,,,,,,,,,,,,,,,,,,9.999999747378752e-05,9.999999747378752e-05,4.04070533477352e-06,,,,,,,,,,,,,,,,,,,,,,,,,,,,,
26,52649,,,,,,,,,,,,,,,,,,,9.999999747378752e-05,9.999999747378752e-05,4.04070533477352e-06,,,,,,,,,,,,,,,,,,,,,,,,,,,,,
26,52699,,,,,,,,,,,,,,,,,,,9.999999747378752e-05,9.999999747378752e-05,4.04070533477352e-06,,,,,,,,,,,,,,,,,,,,,,,,,,,,,
26,52749,,,,,,,,,,,,,,,,,,,9.999999747378752e-05,9.999999747378752e-05,4.04070533477352e-06,,,,,,,,,,,,,,,,,,,,,,,,,,,,,
26,52799,,,,,,,,,,,,,,,,,,,9.999999747378752e-05,9.999999747378752e-05,4.04070533477352e-06,,,,,,,,,,,,,,,,,,,,,,,,,,,,,
26,52838,,,,,,,,,,,,,,,,,,,,,,0.3480634391307831,0.6855194568634033,0.7929034233093262,0.8297509551048279,0.8065506815910339,0.8894575238227844,-5.206000963653423e-09,0.6888165473937988,0.3657388389110565,0.5381717681884766,6.629622459411621,0.059062205255031586,0.05944112688302994,0.058511797338724136,0.06850668042898178,0.7201980352401733,0.7370917201042175,0.7204185128211975,0.7538080215454102,0.30030831694602966,0.3017825782299042,0.3017316162586212,0.3314290940761566,0.6670923829078674,0.3480634391307831,0.31859853863716125,0.5160685777664185,0.7819721102714539,0.6102481484413147
26,52838,13.841785430908203,13.027018547058105,13.76449966430664,12.986778259277344,0.038651470094919205,6.1496968269348145,0.04903290793299675,0.05013873055577278,0.04931304231286049,0.061214666813611984,0.6677851676940918,0.6939452290534973,0.6725475788116455,0.7222058773040771,0.28474462032318115,0.28636306524276733,0.2851928472518921,0.316056489944458,,,,,,,,,,,,,,,,,,,,,,,,,,,,,,,,
27,52849,,,,,,,,,,,,,,,,,,,9.999999747378752e-05,9.999999747378752e-05,4.04070533477352e-06,,,,,,,,,,,,,,,,,,,,,,,,,,,,,
27,52899,,,,,,,,,,,,,,,,,,,9.999999747378752e-05,9.999999747378752e-05,4.04070533477352e-06,,,,,,,,,,,,,,,,,,,,,,,,,,,,,
27,52949,,,,,,,,,,,,,,,,,,,9.999999747378752e-05,9.999999747378752e-05,4.04070533477352e-06,,,,,,,,,,,,,,,,,,,,,,,,,,,,,
27,52999,,,,,,,,,,,,,,,,,,,9.999999747378752e-05,9.999999747378752e-05,4.04070533477352e-06,,,,,,,,,,,,,,,,,,,,,,,,,,,,,
27,53049,,,,,,,,,,,,,,,,,,,9.999999747378752e-05,9.999999747378752e-05,4.04070533477352e-06,,,,,,,,,,,,,,,,,,,,,,,,,,,,,
27,53099,,,,,,,,,,,,,,,,,,,9.999999747378752e-05,9.999999747378752e-05,4.04070533477352e-06,,,,,,,,,,,,,,,,,,,,,,,,,,,,,
27,53149,,,,,,,,,,,,,,,,,,,9.999999747378752e-05,9.999999747378752e-05,4.04070533477352e-06,,,,,,,,,,,,,,,,,,,,,,,,,,,,,
27,53199,,,,,,,,,,,,,,,,,,,9.999999747378752e-05,9.999999747378752e-05,4.04070533477352e-06,,,,,,,,,,,,,,,,,,,,,,,,,,,,,
27,53249,,,,,,,,,,,,,,,,,,,9.999999747378752e-05,9.999999747378752e-05,4.04070533477352e-06,,,,,,,,,,,,,,,,,,,,,,,,,,,,,
27,53299,,,,,,,,,,,,,,,,,,,9.999999747378752e-05,9.999999747378752e-05,4.04070533477352e-06,,,,,,,,,,,,,,,,,,,,,,,,,,,,,
27,53349,,,,,,,,,,,,,,,,,,,9.999999747378752e-05,9.999999747378752e-05,4.04070533477352e-06,,,,,,,,,,,,,,,,,,,,,,,,,,,,,
27,53399,,,,,,,,,,,,,,,,,,,9.999999747378752e-05,9.999999747378752e-05,4.04070533477352e-06,,,,,,,,,,,,,,,,,,,,,,,,,,,,,
27,53449,,,,,,,,,,,,,,,,,,,9.999999747378752e-05,9.999999747378752e-05,4.04070533477352e-06,,,,,,,,,,,,,,,,,,,,,,,,,,,,,
27,53499,,,,,,,,,,,,,,,,,,,9.999999747378752e-05,9.999999747378752e-05,4.04070533477352e-06,,,,,,,,,,,,,,,,,,,,,,,,,,,,,
27,53549,,,,,,,,,,,,,,,,,,,9.999999747378752e-05,9.999999747378752e-05,4.04070533477352e-06,,,,,,,,,,,,,,,,,,,,,,,,,,,,,
27,53599,,,,,,,,,,,,,,,,,,,9.999999747378752e-05,9.999999747378752e-05,4.04070533477352e-06,,,,,,,,,,,,,,,,,,,,,,,,,,,,,
27,53649,,,,,,,,,,,,,,,,,,,9.999999747378752e-05,9.999999747378752e-05,4.04070533477352e-06,,,,,,,,,,,,,,,,,,,,,,,,,,,,,
27,53699,,,,,,,,,,,,,,,,,,,9.999999747378752e-05,9.999999747378752e-05,4.04070533477352e-06,,,,,,,,,,,,,,,,,,,,,,,,,,,,,
27,53749,,,,,,,,,,,,,,,,,,,9.999999747378752e-05,9.999999747378752e-05,4.04070533477352e-06,,,,,,,,,,,,,,,,,,,,,,,,,,,,,
27,53799,,,,,,,,,,,,,,,,,,,9.999999747378752e-05,9.999999747378752e-05,4.04070533477352e-06,,,,,,,,,,,,,,,,,,,,,,,,,,,,,
27,53849,,,,,,,,,,,,,,,,,,,9.999999747378752e-05,9.999999747378752e-05,4.04070533477352e-06,,,,,,,,,,,,,,,,,,,,,,,,,,,,,
27,53899,,,,,,,,,,,,,,,,,,,9.999999747378752e-05,9.999999747378752e-05,4.04070533477352e-06,,,,,,,,,,,,,,,,,,,,,,,,,,,,,
27,53949,,,,,,,,,,,,,,,,,,,9.999999747378752e-05,9.999999747378752e-05,4.04070533477352e-06,,,,,,,,,,,,,,,,,,,,,,,,,,,,,
27,53999,,,,,,,,,,,,,,,,,,,9.999999747378752e-05,9.999999747378752e-05,4.04070533477352e-06,,,,,,,,,,,,,,,,,,,,,,,,,,,,,
27,54049,,,,,,,,,,,,,,,,,,,9.999999747378752e-05,9.999999747378752e-05,4.04070533477352e-06,,,,,,,,,,,,,,,,,,,,,,,,,,,,,
27,54099,,,,,,,,,,,,,,,,,,,9.999999747378752e-05,9.999999747378752e-05,4.04070533477352e-06,,,,,,,,,,,,,,,,,,,,,,,,,,,,,
27,54149,,,,,,,,,,,,,,,,,,,9.999999747378752e-05,9.999999747378752e-05,4.04070533477352e-06,,,,,,,,,,,,,,,,,,,,,,,,,,,,,
27,54199,,,,,,,,,,,,,,,,,,,9.999999747378752e-05,9.999999747378752e-05,4.04070533477352e-06,,,,,,,,,,,,,,,,,,,,,,,,,,,,,
27,54249,,,,,,,,,,,,,,,,,,,9.999999747378752e-05,9.999999747378752e-05,4.04070533477352e-06,,,,,,,,,,,,,,,,,,,,,,,,,,,,,
27,54299,,,,,,,,,,,,,,,,,,,9.999999747378752e-05,9.999999747378752e-05,4.04070533477352e-06,,,,,,,,,,,,,,,,,,,,,,,,,,,,,
27,54349,,,,,,,,,,,,,,,,,,,9.999999747378752e-05,9.999999747378752e-05,4.04070533477352e-06,,,,,,,,,,,,,,,,,,,,,,,,,,,,,
27,54399,,,,,,,,,,,,,,,,,,,9.999999747378752e-05,9.999999747378752e-05,4.04070533477352e-06,,,,,,,,,,,,,,,,,,,,,,,,,,,,,
27,54449,,,,,,,,,,,,,,,,,,,9.999999747378752e-05,9.999999747378752e-05,4.04070533477352e-06,,,,,,,,,,,,,,,,,,,,,,,,,,,,,
27,54499,,,,,,,,,,,,,,,,,,,9.999999747378752e-05,9.999999747378752e-05,4.04070533477352e-06,,,,,,,,,,,,,,,,,,,,,,,,,,,,,
27,54549,,,,,,,,,,,,,,,,,,,9.999999747378752e-05,9.999999747378752e-05,4.04070533477352e-06,,,,,,,,,,,,,,,,,,,,,,,,,,,,,
27,54599,,,,,,,,,,,,,,,,,,,9.999999747378752e-05,9.999999747378752e-05,4.04070533477352e-06,,,,,,,,,,,,,,,,,,,,,,,,,,,,,
27,54649,,,,,,,,,,,,,,,,,,,9.999999747378752e-05,9.999999747378752e-05,4.04070533477352e-06,,,,,,,,,,,,,,,,,,,,,,,,,,,,,
27,54699,,,,,,,,,,,,,,,,,,,9.999999747378752e-05,9.999999747378752e-05,4.04070533477352e-06,,,,,,,,,,,,,,,,,,,,,,,,,,,,,
27,54749,,,,,,,,,,,,,,,,,,,9.999999747378752e-05,9.999999747378752e-05,4.04070533477352e-06,,,,,,,,,,,,,,,,,,,,,,,,,,,,,
27,54795,,,,,,,,,,,,,,,,,,,,,,0.35086962580680847,0.6858269572257996,0.7608324885368347,0.8379392623901367,0.7679972648620605,0.8219037652015686,-5.206000963653423e-09,0.6897082328796387,0.37094753980636597,0.5422245860099792,6.587801456451416,0.05805731937289238,0.05872776359319687,0.05841493606567383,0.0667978897690773,0.7132440209388733,0.7322499752044678,0.7187081575393677,0.7648620009422302,0.29864194989204407,0.30200281739234924,0.29899391531944275,0.3247328996658325,0.6735405921936035,0.35086962580680847,0.31843748688697815,0.5302981734275818,0.8186772465705872,0.5900732278823853
27,54795,14.046180725097656,13.213656425476074,13.951903343200684,13.098684310913086,0.051098503172397614,6.111421585083008,0.04837086424231529,0.04949995130300522,0.048689767718315125,0.06073165684938431,0.6668621301651001,0.6932878494262695,0.6715582013130188,0.72478848695755,0.28116363286972046,0.2834016680717468,0.28155258297920227,0.3131108283996582,,,,,,,,,,,,,,,,,,,,,,,,,,,,,,,,
28,54799,,,,,,,,,,,,,,,,,,,9.999999747378752e-05,9.999999747378752e-05,4.04070533477352e-06,,,,,,,,,,,,,,,,,,,,,,,,,,,,,
28,54849,,,,,,,,,,,,,,,,,,,9.999999747378752e-05,9.999999747378752e-05,4.04070533477352e-06,,,,,,,,,,,,,,,,,,,,,,,,,,,,,
28,54899,,,,,,,,,,,,,,,,,,,9.999999747378752e-05,9.999999747378752e-05,4.04070533477352e-06,,,,,,,,,,,,,,,,,,,,,,,,,,,,,
28,54949,,,,,,,,,,,,,,,,,,,9.999999747378752e-05,9.999999747378752e-05,4.04070533477352e-06,,,,,,,,,,,,,,,,,,,,,,,,,,,,,
28,54999,,,,,,,,,,,,,,,,,,,9.999999747378752e-05,9.999999747378752e-05,4.04070533477352e-06,,,,,,,,,,,,,,,,,,,,,,,,,,,,,
28,55049,,,,,,,,,,,,,,,,,,,9.999999747378752e-05,9.999999747378752e-05,4.04070533477352e-06,,,,,,,,,,,,,,,,,,,,,,,,,,,,,
28,55099,,,,,,,,,,,,,,,,,,,9.999999747378752e-05,9.999999747378752e-05,4.04070533477352e-06,,,,,,,,,,,,,,,,,,,,,,,,,,,,,
28,55149,,,,,,,,,,,,,,,,,,,9.999999747378752e-05,9.999999747378752e-05,4.04070533477352e-06,,,,,,,,,,,,,,,,,,,,,,,,,,,,,
28,55199,,,,,,,,,,,,,,,,,,,9.999999747378752e-05,9.999999747378752e-05,4.04070533477352e-06,,,,,,,,,,,,,,,,,,,,,,,,,,,,,
28,55249,,,,,,,,,,,,,,,,,,,9.999999747378752e-05,9.999999747378752e-05,4.04070533477352e-06,,,,,,,,,,,,,,,,,,,,,,,,,,,,,
28,55299,,,,,,,,,,,,,,,,,,,9.999999747378752e-05,9.999999747378752e-05,4.04070533477352e-06,,,,,,,,,,,,,,,,,,,,,,,,,,,,,
28,55349,,,,,,,,,,,,,,,,,,,9.999999747378752e-05,9.999999747378752e-05,4.04070533477352e-06,,,,,,,,,,,,,,,,,,,,,,,,,,,,,
28,55399,,,,,,,,,,,,,,,,,,,9.999999747378752e-05,9.999999747378752e-05,4.04070533477352e-06,,,,,,,,,,,,,,,,,,,,,,,,,,,,,
28,55449,,,,,,,,,,,,,,,,,,,9.999999747378752e-05,9.999999747378752e-05,4.04070533477352e-06,,,,,,,,,,,,,,,,,,,,,,,,,,,,,
28,55499,,,,,,,,,,,,,,,,,,,9.999999747378752e-05,9.999999747378752e-05,4.04070533477352e-06,,,,,,,,,,,,,,,,,,,,,,,,,,,,,
28,55549,,,,,,,,,,,,,,,,,,,9.999999747378752e-05,9.999999747378752e-05,4.04070533477352e-06,,,,,,,,,,,,,,,,,,,,,,,,,,,,,
28,55599,,,,,,,,,,,,,,,,,,,9.999999747378752e-05,9.999999747378752e-05,4.04070533477352e-06,,,,,,,,,,,,,,,,,,,,,,,,,,,,,
28,55649,,,,,,,,,,,,,,,,,,,9.999999747378752e-05,9.999999747378752e-05,4.04070533477352e-06,,,,,,,,,,,,,,,,,,,,,,,,,,,,,
28,55699,,,,,,,,,,,,,,,,,,,9.999999747378752e-05,9.999999747378752e-05,4.04070533477352e-06,,,,,,,,,,,,,,,,,,,,,,,,,,,,,
28,55749,,,,,,,,,,,,,,,,,,,9.999999747378752e-05,9.999999747378752e-05,4.04070533477352e-06,,,,,,,,,,,,,,,,,,,,,,,,,,,,,
28,55799,,,,,,,,,,,,,,,,,,,9.999999747378752e-05,9.999999747378752e-05,4.04070533477352e-06,,,,,,,,,,,,,,,,,,,,,,,,,,,,,
28,55849,,,,,,,,,,,,,,,,,,,9.999999747378752e-05,9.999999747378752e-05,4.04070533477352e-06,,,,,,,,,,,,,,,,,,,,,,,,,,,,,
28,55899,,,,,,,,,,,,,,,,,,,9.999999747378752e-05,9.999999747378752e-05,4.04070533477352e-06,,,,,,,,,,,,,,,,,,,,,,,,,,,,,
28,55949,,,,,,,,,,,,,,,,,,,9.999999747378752e-05,9.999999747378752e-05,4.04070533477352e-06,,,,,,,,,,,,,,,,,,,,,,,,,,,,,
28,55999,,,,,,,,,,,,,,,,,,,9.999999747378752e-05,9.999999747378752e-05,4.04070533477352e-06,,,,,,,,,,,,,,,,,,,,,,,,,,,,,
28,56049,,,,,,,,,,,,,,,,,,,9.999999747378752e-05,9.999999747378752e-05,4.04070533477352e-06,,,,,,,,,,,,,,,,,,,,,,,,,,,,,
28,56099,,,,,,,,,,,,,,,,,,,9.999999747378752e-05,9.999999747378752e-05,4.04070533477352e-06,,,,,,,,,,,,,,,,,,,,,,,,,,,,,
28,56149,,,,,,,,,,,,,,,,,,,9.999999747378752e-05,9.999999747378752e-05,4.04070533477352e-06,,,,,,,,,,,,,,,,,,,,,,,,,,,,,
28,56199,,,,,,,,,,,,,,,,,,,9.999999747378752e-05,9.999999747378752e-05,4.04070533477352e-06,,,,,,,,,,,,,,,,,,,,,,,,,,,,,
28,56249,,,,,,,,,,,,,,,,,,,9.999999747378752e-05,9.999999747378752e-05,4.04070533477352e-06,,,,,,,,,,,,,,,,,,,,,,,,,,,,,
28,56299,,,,,,,,,,,,,,,,,,,9.999999747378752e-05,9.999999747378752e-05,4.04070533477352e-06,,,,,,,,,,,,,,,,,,,,,,,,,,,,,
28,56349,,,,,,,,,,,,,,,,,,,9.999999747378752e-05,9.999999747378752e-05,4.04070533477352e-06,,,,,,,,,,,,,,,,,,,,,,,,,,,,,
28,56399,,,,,,,,,,,,,,,,,,,9.999999747378752e-05,9.999999747378752e-05,4.04070533477352e-06,,,,,,,,,,,,,,,,,,,,,,,,,,,,,
28,56449,,,,,,,,,,,,,,,,,,,9.999999747378752e-05,9.999999747378752e-05,4.04070533477352e-06,,,,,,,,,,,,,,,,,,,,,,,,,,,,,
28,56499,,,,,,,,,,,,,,,,,,,9.999999747378752e-05,9.999999747378752e-05,4.04070533477352e-06,,,,,,,,,,,,,,,,,,,,,,,,,,,,,
28,56549,,,,,,,,,,,,,,,,,,,9.999999747378752e-05,9.999999747378752e-05,4.04070533477352e-06,,,,,,,,,,,,,,,,,,,,,,,,,,,,,
28,56599,,,,,,,,,,,,,,,,,,,9.999999747378752e-05,9.999999747378752e-05,4.04070533477352e-06,,,,,,,,,,,,,,,,,,,,,,,,,,,,,
28,56649,,,,,,,,,,,,,,,,,,,9.999999747378752e-05,9.999999747378752e-05,4.04070533477352e-06,,,,,,,,,,,,,,,,,,,,,,,,,,,,,
28,56699,,,,,,,,,,,,,,,,,,,9.999999747378752e-05,9.999999747378752e-05,4.04070533477352e-06,,,,,,,,,,,,,,,,,,,,,,,,,,,,,
28,56749,,,,,,,,,,,,,,,,,,,9.999999747378752e-05,9.999999747378752e-05,4.04070533477352e-06,,,,,,,,,,,,,,,,,,,,,,,,,,,,,
28,56752,,,,,,,,,,,,,,,,,,,,,,0.35645321011543274,0.6949628591537476,0.7287614941596985,0.7867621779441833,0.7430911064147949,0.8297509551048279,-5.206000963653423e-09,0.6924766898155212,0.37176087498664856,0.5416711568832397,6.532131671905518,0.05826551839709282,0.05810242146253586,0.05752751976251602,0.06626790761947632,0.714667022228241,0.7323153614997864,0.7229754328727722,0.7571021318435669,0.2940959930419922,0.29514363408088684,0.2926003336906433,0.3202878534793854,0.6789411902427673,0.35645321011543274,0.3276270925998688,0.5258346796035767,0.7933562397956848,0.6182824373245239
28,56752,14.173543930053711,13.271717071533203,14.060423851013184,13.309082984924316,0.10219721496105194,6.081767559051514,0.04829319939017296,0.049005914479494095,0.04849577695131302,0.05991655960679054,0.6631777286529541,0.690828800201416,0.6689275503158569,0.7207314372062683,0.2800881862640381,0.28216227889060974,0.2804640531539917,0.3120556175708771,,,,,,,,,,,,,,,,,,,,,,,,,,,,,,,,
29,56799,,,,,,,,,,,,,,,,,,,9.999999747378752e-05,9.999999747378752e-05,4.04070533477352e-06,,,,,,,,,,,,,,,,,,,,,,,,,,,,,
29,56849,,,,,,,,,,,,,,,,,,,9.999999747378752e-05,9.999999747378752e-05,4.04070533477352e-06,,,,,,,,,,,,,,,,,,,,,,,,,,,,,
29,56899,,,,,,,,,,,,,,,,,,,9.999999747378752e-05,9.999999747378752e-05,4.04070533477352e-06,,,,,,,,,,,,,,,,,,,,,,,,,,,,,
29,56949,,,,,,,,,,,,,,,,,,,9.999999747378752e-05,9.999999747378752e-05,4.04070533477352e-06,,,,,,,,,,,,,,,,,,,,,,,,,,,,,
29,56999,,,,,,,,,,,,,,,,,,,9.999999747378752e-05,9.999999747378752e-05,4.04070533477352e-06,,,,,,,,,,,,,,,,,,,,,,,,,,,,,
29,57049,,,,,,,,,,,,,,,,,,,9.999999747378752e-05,9.999999747378752e-05,4.04070533477352e-06,,,,,,,,,,,,,,,,,,,,,,,,,,,,,
29,57099,,,,,,,,,,,,,,,,,,,9.999999747378752e-05,9.999999747378752e-05,4.04070533477352e-06,,,,,,,,,,,,,,,,,,,,,,,,,,,,,
29,57149,,,,,,,,,,,,,,,,,,,9.999999747378752e-05,9.999999747378752e-05,4.04070533477352e-06,,,,,,,,,,,,,,,,,,,,,,,,,,,,,
29,57199,,,,,,,,,,,,,,,,,,,9.999999747378752e-05,9.999999747378752e-05,4.04070533477352e-06,,,,,,,,,,,,,,,,,,,,,,,,,,,,,
29,57249,,,,,,,,,,,,,,,,,,,9.999999747378752e-05,9.999999747378752e-05,4.04070533477352e-06,,,,,,,,,,,,,,,,,,,,,,,,,,,,,
29,57299,,,,,,,,,,,,,,,,,,,9.999999747378752e-05,9.999999747378752e-05,4.04070533477352e-06,,,,,,,,,,,,,,,,,,,,,,,,,,,,,
29,57349,,,,,,,,,,,,,,,,,,,9.999999747378752e-05,9.999999747378752e-05,4.04070533477352e-06,,,,,,,,,,,,,,,,,,,,,,,,,,,,,
29,57399,,,,,,,,,,,,,,,,,,,9.999999747378752e-05,9.999999747378752e-05,4.04070533477352e-06,,,,,,,,,,,,,,,,,,,,,,,,,,,,,
29,57449,,,,,,,,,,,,,,,,,,,9.999999747378752e-05,9.999999747378752e-05,4.04070533477352e-06,,,,,,,,,,,,,,,,,,,,,,,,,,,,,
29,57499,,,,,,,,,,,,,,,,,,,9.999999747378752e-05,9.999999747378752e-05,4.04070533477352e-06,,,,,,,,,,,,,,,,,,,,,,,,,,,,,
29,57549,,,,,,,,,,,,,,,,,,,9.999999747378752e-05,9.999999747378752e-05,4.04070533477352e-06,,,,,,,,,,,,,,,,,,,,,,,,,,,,,
29,57599,,,,,,,,,,,,,,,,,,,9.999999747378752e-05,9.999999747378752e-05,4.04070533477352e-06,,,,,,,,,,,,,,,,,,,,,,,,,,,,,
29,57649,,,,,,,,,,,,,,,,,,,9.999999747378752e-05,9.999999747378752e-05,4.04070533477352e-06,,,,,,,,,,,,,,,,,,,,,,,,,,,,,
29,57699,,,,,,,,,,,,,,,,,,,9.999999747378752e-05,9.999999747378752e-05,4.04070533477352e-06,,,,,,,,,,,,,,,,,,,,,,,,,,,,,
29,57749,,,,,,,,,,,,,,,,,,,9.999999747378752e-05,9.999999747378752e-05,4.04070533477352e-06,,,,,,,,,,,,,,,,,,,,,,,,,,,,,
29,57799,,,,,,,,,,,,,,,,,,,9.999999747378752e-05,9.999999747378752e-05,4.04070533477352e-06,,,,,,,,,,,,,,,,,,,,,,,,,,,,,
29,57849,,,,,,,,,,,,,,,,,,,9.999999747378752e-05,9.999999747378752e-05,4.04070533477352e-06,,,,,,,,,,,,,,,,,,,,,,,,,,,,,
29,57899,,,,,,,,,,,,,,,,,,,9.999999747378752e-05,9.999999747378752e-05,4.04070533477352e-06,,,,,,,,,,,,,,,,,,,,,,,,,,,,,
29,57949,,,,,,,,,,,,,,,,,,,9.999999747378752e-05,9.999999747378752e-05,4.04070533477352e-06,,,,,,,,,,,,,,,,,,,,,,,,,,,,,
29,57999,,,,,,,,,,,,,,,,,,,9.999999747378752e-05,9.999999747378752e-05,4.04070533477352e-06,,,,,,,,,,,,,,,,,,,,,,,,,,,,,
29,58049,,,,,,,,,,,,,,,,,,,9.999999747378752e-05,9.999999747378752e-05,4.04070533477352e-06,,,,,,,,,,,,,,,,,,,,,,,,,,,,,
29,58099,,,,,,,,,,,,,,,,,,,9.999999747378752e-05,9.999999747378752e-05,4.04070533477352e-06,,,,,,,,,,,,,,,,,,,,,,,,,,,,,
29,58149,,,,,,,,,,,,,,,,,,,9.999999747378752e-05,9.999999747378752e-05,4.04070533477352e-06,,,,,,,,,,,,,,,,,,,,,,,,,,,,,
29,58199,,,,,,,,,,,,,,,,,,,9.999999747378752e-05,9.999999747378752e-05,4.04070533477352e-06,,,,,,,,,,,,,,,,,,,,,,,,,,,,,
29,58249,,,,,,,,,,,,,,,,,,,9.999999747378752e-05,9.999999747378752e-05,4.04070533477352e-06,,,,,,,,,,,,,,,,,,,,,,,,,,,,,
29,58299,,,,,,,,,,,,,,,,,,,9.999999747378752e-05,9.999999747378752e-05,4.04070533477352e-06,,,,,,,,,,,,,,,,,,,,,,,,,,,,,
29,58349,,,,,,,,,,,,,,,,,,,9.999999747378752e-05,9.999999747378752e-05,4.04070533477352e-06,,,,,,,,,,,,,,,,,,,,,,,,,,,,,
29,58399,,,,,,,,,,,,,,,,,,,9.999999747378752e-05,9.999999747378752e-05,4.04070533477352e-06,,,,,,,,,,,,,,,,,,,,,,,,,,,,,
29,58449,,,,,,,,,,,,,,,,,,,9.999999747378752e-05,9.999999747378752e-05,4.04070533477352e-06,,,,,,,,,,,,,,,,,,,,,,,,,,,,,
29,58499,,,,,,,,,,,,,,,,,,,9.999999747378752e-05,9.999999747378752e-05,4.04070533477352e-06,,,,,,,,,,,,,,,,,,,,,,,,,,,,,
29,58549,,,,,,,,,,,,,,,,,,,9.999999747378752e-05,9.999999747378752e-05,4.04070533477352e-06,,,,,,,,,,,,,,,,,,,,,,,,,,,,,
29,58599,,,,,,,,,,,,,,,,,,,9.999999747378752e-05,9.999999747378752e-05,4.04070533477352e-06,,,,,,,,,,,,,,,,,,,,,,,,,,,,,
29,58649,,,,,,,,,,,,,,,,,,,9.999999747378752e-05,9.999999747378752e-05,4.04070533477352e-06,,,,,,,,,,,,,,,,,,,,,,,,,,,,,
29,58699,,,,,,,,,,,,,,,,,,,9.999999747378752e-05,9.999999747378752e-05,4.04070533477352e-06,,,,,,,,,,,,,,,,,,,,,,,,,,,,,
29,58709,,,,,,,,,,,,,,,,,,,,,,0.34328725934028625,0.6867433786392212,0.7222790718078613,0.7857386469841003,0.7379733920097351,0.8184919953346252,-5.206000963653423e-09,0.6927642822265625,0.3725054860115051,0.551954984664917,6.682017803192139,0.06020815297961235,0.060227878391742706,0.05990022048354149,0.0691075474023819,0.7249520421028137,0.7388356924057007,0.7239255309104919,0.7578749060630798,0.3030599355697632,0.3059859573841095,0.3038037121295929,0.33175545930862427,0.6620385646820068,0.34328725934028625,0.3081519603729248,0.528816282749176,0.7810651063919067,0.6127477288246155
29,58709,14.322943687438965,13.398696899414062,14.257792472839355,13.311382293701172,0.05273621156811714,6.053284645080566,0.048047229647636414,0.04895457997918129,0.048273563385009766,0.059573154896497726,0.6585098505020142,0.6877297163009644,0.6638323664665222,0.7251908183097839,0.278098464012146,0.2802491784095764,0.2788763642311096,0.30966606736183167,,,,,,,,,,,,,,,,,,,,,,,,,,,,,,,,
